wavelength,,Diatoms (pennate),Chlorophytes,Diatoms (centric),Cryptophytes,Cyanobacteria (blue),Cyanobacteria (red),Dinoflagellates,Eustigmatophytes,Haptophytes: Pavlovaceae,Pelagophytes,Prasinophytes,Prochlorococcus,Haptophytes: Prymnesiaceae,Raphidophytes,Rhodophytes,Synechococcus spp,Microcystis-like (vacuolate)
380,,0.021046,0.024000,0.016833,0.020000,0.022602,0.028250,0.020000,0.074217,0.023000,0.030000,0.012000,0.024997,0.023000,0.009000,0.039000,0.030262,0.050977
381,,0.021462,0.024030,0.017250,0.020155,0.022752,0.028400,0.020070,0.074634,0.023095,0.030295,0.012330,0.025414,0.023085,0.009080,0.039050,0.030678,0.051308
382,,0.021696,0.024060,0.017483,0.020310,0.022942,0.028590,0.020140,0.074867,0.023190,0.030590,0.012660,0.025647,0.023170,0.009160,0.039100,0.030912,0.051351
383,,0.022196,0.024090,0.017983,0.020465,0.023162,0.028810,0.020210,0.075367,0.023285,0.030885,0.012990,0.026147,0.023255,0.009240,0.039150,0.031412,0.051481
384,,0.022496,0.024120,0.018283,0.020620,0.023422,0.029070,0.020280,0.075667,0.023380,0.031180,0.013320,0.026447,0.023340,0.009320,0.039200,0.031712,0.051707
385,,0.022596,0.024150,0.018383,0.020775,0.023622,0.029270,0.020350,0.075767,0.023475,0.031475,0.013650,0.026547,0.023425,0.009400,0.039250,0.031812,0.051719
386,,0.022696,0.024180,0.018483,0.020930,0.023702,0.029350,0.020420,0.075867,0.023570,0.031770,0.013980,0.026647,0.023510,0.009480,0.039300,0.031912,0.051545
387,,0.022746,0.024210,0.018533,0.021085,0.023762,0.029410,0.020490,0.075917,0.023665,0.032065,0.014310,0.026697,0.023595,0.009560,0.039350,0.031962,0.051489
388,,0.022821,0.024240,0.018608,0.021240,0.023842,0.029490,0.020560,0.075992,0.023760,0.032360,0.014640,0.026772,0.023680,0.009640,0.039400,0.032037,0.051587
389,,0.022896,0.024270,0.018683,0.021395,0.024002,0.029650,0.020630,0.076067,0.023855,0.032655,0.014970,0.026847,0.023765,0.009720,0.039450,0.032112,0.051708
390,,0.022996,0.024300,0.018783,0.021550,0.024162,0.029810,0.020700,0.076167,0.023950,0.032950,0.015300,0.026947,0.023850,0.009800,0.039500,0.032212,0.051773
391,,0.023121,0.024330,0.018908,0.021705,0.024342,0.029990,0.020770,0.076292,0.024045,0.033245,0.015630,0.027072,0.023935,0.009880,0.039550,0.032337,0.051895
392,,0.023196,0.024360,0.018983,0.021860,0.024482,0.030130,0.020840,0.076367,0.024140,0.033540,0.015960,0.027147,0.024020,0.009960,0.039600,0.032412,0.052031
393,,0.023371,0.024390,0.019158,0.022015,0.024642,0.030290,0.020910,0.076542,0.024235,0.033835,0.016290,0.027322,0.024105,0.010040,0.039650,0.032587,0.051944
394,,0.023596,0.024420,0.019383,0.022170,0.024802,0.030450,0.020980,0.076767,0.024330,0.034130,0.016620,0.027547,0.024190,0.010120,0.039700,0.032812,0.051975
395,,0.023821,0.024450,0.019608,0.022325,0.025002,0.030650,0.021050,0.076992,0.024425,0.034425,0.016950,0.027772,0.024275,0.010200,0.039750,0.033037,0.052216
396,,0.024146,0.024480,0.019933,0.022480,0.025142,0.030790,0.021120,0.077317,0.024520,0.034720,0.017280,0.028097,0.024360,0.010280,0.039800,0.033362,0.052363
397,,0.024446,0.024510,0.020233,0.022635,0.025442,0.031090,0.021190,0.077617,0.024615,0.035015,0.017610,0.028397,0.024445,0.010360,0.039850,0.033662,0.052465
398,,0.024846,0.024540,0.020633,0.022790,0.025642,0.031290,0.021260,0.078017,0.024710,0.035310,0.017940,0.028797,0.024530,0.010440,0.039900,0.034062,0.052567
399,,0.025321,0.024570,0.021108,0.022945,0.025752,0.031400,0.021330,0.078492,0.024805,0.035605,0.018270,0.029272,0.024615,0.010520,0.039950,0.034537,0.052782
400,,0.025760,0.024663,0.021526,0.023144,0.025964,0.031789,0.021423,0.079102,0.024976,0.036030,0.018635,0.029822,0.024782,0.010581,0.039960,0.034951,0.053173
401,,0.026200,0.024757,0.021944,0.023344,0.026175,0.032179,0.021517,0.079711,0.025146,0.036456,0.019000,0.030371,0.024949,0.010642,0.039970,0.035365,0.053417
402,,0.026334,0.024969,0.022036,0.023590,0.026520,0.032789,0.021660,0.080268,0.025367,0.037015,0.019485,0.030757,0.025191,0.010717,0.040007,0.035584,0.053594
403,,0.026493,0.025206,0.022156,0.023831,0.026927,0.033384,0.021818,0.080922,0.025598,0.037604,0.020024,0.031201,0.025441,0.010793,0.040074,0.035946,0.053908
404,,0.026671,0.025463,0.022300,0.024067,0.027388,0.033970,0.021987,0.081658,0.025838,0.038216,0.020610,0.031699,0.025698,0.010871,0.040162,0.036428,0.054192
405,,0.026866,0.025734,0.022466,0.024300,0.027894,0.034553,0.022167,0.082458,0.026084,0.038845,0.021234,0.032248,0.025960,0.010948,0.040268,0.037007,0.054795
406,,0.027072,0.026014,0.022648,0.024532,0.028435,0.035139,0.022353,0.083306,0.026335,0.039484,0.021889,0.032843,0.026227,0.011024,0.040385,0.037658,0.055433
407,,0.027285,0.026299,0.022844,0.024762,0.029003,0.035732,0.022544,0.084188,0.026589,0.040127,0.022565,0.033481,0.026496,0.011097,0.040507,0.038360,0.055746
408,,0.027502,0.026583,0.023050,0.024994,0.029589,0.036338,0.022738,0.085086,0.026844,0.040767,0.023255,0.034159,0.026766,0.011166,0.040628,0.039090,0.056241
409,,0.027716,0.026862,0.023263,0.025227,0.030183,0.036962,0.022931,0.085984,0.027099,0.041397,0.023951,0.034872,0.027038,0.011230,0.040744,0.039822,0.056896
410,,0.027925,0.027129,0.023478,0.025463,0.030776,0.037611,0.023122,0.086866,0.027351,0.042011,0.024644,0.035616,0.027308,0.011288,0.040847,0.040536,0.057532
411,,0.028124,0.027382,0.023692,0.025703,0.031360,0.038285,0.023308,0.087717,0.027600,0.042602,0.025326,0.036389,0.027576,0.011339,0.040934,0.041211,0.058181
412,,0.028312,0.027619,0.023901,0.025941,0.031928,0.038970,0.023488,0.088526,0.027842,0.043167,0.025992,0.037188,0.027839,0.011384,0.041002,0.041843,0.058803
413,,0.028486,0.027839,0.024100,0.026173,0.032473,0.039646,0.023658,0.089280,0.028074,0.043701,0.026636,0.038014,0.028093,0.011423,0.041050,0.042431,0.059061
414,,0.028646,0.028041,0.024285,0.026392,0.032988,0.040296,0.023816,0.089971,0.028295,0.044200,0.027253,0.038865,0.028336,0.011456,0.041077,0.042975,0.059215
415,,0.028791,0.028226,0.024452,0.026594,0.033466,0.040900,0.023961,0.090586,0.028501,0.044661,0.027837,0.039741,0.028563,0.011486,0.041083,0.043474,0.059769
416,,0.028918,0.028391,0.024596,0.026771,0.033900,0.041440,0.024090,0.091116,0.028691,0.045080,0.028382,0.040641,0.028773,0.011511,0.041066,0.043929,0.060266
417,,0.029026,0.028537,0.024713,0.026919,0.034284,0.041896,0.024202,0.091549,0.028861,0.045452,0.028883,0.041564,0.028962,0.011533,0.041024,0.044337,0.060624
418,,0.029115,0.028664,0.024799,0.027033,0.034611,0.042250,0.024293,0.091874,0.029008,0.045774,0.029334,0.042510,0.029126,0.011552,0.040958,0.044700,0.060893
419,,0.029182,0.028770,0.024848,0.027106,0.034874,0.042484,0.024361,0.092081,0.029131,0.046042,0.029730,0.043477,0.029263,0.011570,0.040866,0.045015,0.061121
420,,0.029226,0.028855,0.024858,0.027132,0.035065,0.042577,0.024406,0.092159,0.029227,0.046252,0.030065,0.044465,0.029369,0.011586,0.040747,0.045283,0.061263
421,,0.029250,0.028920,0.024830,0.027115,0.035188,0.042532,0.024427,0.092114,0.029297,0.046411,0.030344,0.045465,0.029446,0.011602,0.040605,0.045512,0.061421
422,,0.029270,0.028979,0.024789,0.027085,0.035279,0.042425,0.024442,0.092020,0.029360,0.046571,0.030616,0.046428,0.029514,0.011618,0.040464,0.045741,0.061650
423,,0.029306,0.029046,0.024768,0.027083,0.035381,0.042354,0.024473,0.091968,0.029442,0.046794,0.030939,0.047298,0.029598,0.011634,0.040351,0.046019,0.061808
424,,0.029379,0.029136,0.024799,0.027147,0.035542,0.042417,0.024540,0.092048,0.029564,0.047141,0.031372,0.048020,0.029722,0.011652,0.040296,0.046393,0.061962
425,,0.029507,0.029264,0.024914,0.027317,0.035806,0.042709,0.024665,0.092351,0.029750,0.047676,0.031974,0.048537,0.029911,0.011673,0.040326,0.046913,0.062112
426,,0.029705,0.029438,0.025133,0.027617,0.036202,0.043296,0.024859,0.092935,0.030016,0.048436,0.032780,0.048818,0.030182,0.011696,0.040460,0.047606,0.062293
427,,0.029949,0.029645,0.025428,0.028008,0.036697,0.044104,0.025103,0.093722,0.030334,0.049353,0.033733,0.048940,0.030510,0.011721,0.040667,0.048421,0.062503
428,,0.030211,0.029864,0.025759,0.028434,0.037241,0.045028,0.025367,0.094602,0.030671,0.050336,0.034756,0.049002,0.030863,0.011747,0.040910,0.049285,0.062825
429,,0.030462,0.030074,0.026084,0.028841,0.037785,0.045963,0.025624,0.095462,0.030992,0.051292,0.035767,0.049107,0.031209,0.011774,0.041147,0.050129,0.063189
430,,0.030672,0.030254,0.026364,0.029174,0.038278,0.046802,0.025843,0.096194,0.031261,0.052131,0.036687,0.049356,0.031516,0.011800,0.041338,0.050879,0.063508
431,,0.030817,0.030389,0.026566,0.029388,0.038681,0.047460,0.026003,0.096706,0.031451,0.052777,0.037453,0.049827,0.031758,0.011825,0.041453,0.051479,0.063770
432,,0.030900,0.030475,0.026690,0.029489,0.038987,0.047928,0.026106,0.096988,0.031563,0.053236,0.038062,0.050500,0.031935,0.011848,0.041488,0.051925,0.064089
433,,0.030926,0.030516,0.026744,0.029493,0.039200,0.048217,0.026160,0.097053,0.031605,0.053529,0.038527,0.051332,0.032055,0.011867,0.041449,0.052228,0.064337
434,,0.030903,0.030513,0.026737,0.029414,0.039322,0.048339,0.026172,0.096910,0.031586,0.053679,0.038861,0.052280,0.032126,0.011883,0.041343,0.052399,0.064483
435,,0.030838,0.030468,0.026677,0.029269,0.039357,0.048305,0.026151,0.096571,0.031513,0.053708,0.039076,0.053301,0.032155,0.011895,0.041175,0.052449,0.064716
436,,0.030739,0.030384,0.026572,0.029074,0.039308,0.048125,0.026106,0.096048,0.031394,0.053640,0.039185,0.054352,0.032150,0.011901,0.040950,0.052388,0.064884
437,,0.030611,0.030262,0.026431,0.028845,0.039177,0.047811,0.026044,0.095350,0.031239,0.053495,0.039202,0.055391,0.032119,0.011902,0.040674,0.052228,0.064969
438,,0.030462,0.030104,0.026261,0.028598,0.038969,0.047375,0.025973,0.094490,0.031055,0.053297,0.039140,0.056373,0.032068,0.011895,0.040353,0.051979,0.064937
439,,0.030300,0.029913,0.026071,0.028348,0.038685,0.046827,0.025902,0.093478,0.030850,0.053068,0.039010,0.057256,0.032006,0.011881,0.039994,0.051652,0.064833
440,,0.030131,0.029691,0.025869,0.028112,0.038329,0.046178,0.025838,0.092325,0.030632,0.052831,0.038827,0.057998,0.031939,0.011859,0.039600,0.051259,0.064763
441,,0.029961,0.029440,0.025662,0.027902,0.037905,0.045440,0.025789,0.091042,0.030409,0.052603,0.038602,0.058562,0.031876,0.011828,0.039179,0.050808,0.064495
442,,0.029792,0.029163,0.025451,0.027718,0.037418,0.044621,0.025754,0.089644,0.030182,0.052389,0.038341,0.058954,0.031815,0.011788,0.038732,0.050306,0.063979
443,,0.029622,0.028863,0.025238,0.027559,0.036875,0.043730,0.025732,0.088144,0.029952,0.052187,0.038048,0.059183,0.031756,0.011740,0.038263,0.049758,0.063409
444,,0.029451,0.028543,0.025021,0.027421,0.036282,0.042776,0.025720,0.086556,0.029717,0.051997,0.037730,0.059261,0.031700,0.011685,0.037776,0.049171,0.062791
445,,0.029281,0.028207,0.024801,0.027301,0.035645,0.041767,0.025719,0.084894,0.029478,0.051816,0.037390,0.059200,0.031646,0.011623,0.037272,0.048548,0.062034
446,,0.029109,0.027859,0.024578,0.027198,0.034970,0.040713,0.025724,0.083172,0.029236,0.051646,0.037034,0.059011,0.031592,0.011556,0.036755,0.047896,0.061283
447,,0.028936,0.027501,0.024353,0.027108,0.034263,0.039622,0.025736,0.081404,0.028991,0.051483,0.036666,0.058705,0.031539,0.011482,0.036227,0.047219,0.060460
448,,0.028761,0.027136,0.024125,0.027030,0.033532,0.038503,0.025753,0.079603,0.028742,0.051328,0.036292,0.058295,0.031486,0.011404,0.035692,0.046523,0.059613
449,,0.028585,0.026769,0.023895,0.026959,0.032782,0.037364,0.025772,0.077784,0.028490,0.051180,0.035916,0.057791,0.031432,0.011322,0.035153,0.045814,0.058734
450,,0.028407,0.026401,0.023663,0.026894,0.032018,0.036215,0.025793,0.075960,0.028235,0.051038,0.035543,0.057205,0.031377,0.011236,0.034611,0.045096,0.057842
451,,0.028226,0.026037,0.023428,0.026831,0.031249,0.035063,0.025813,0.074146,0.027977,0.050900,0.035179,0.056549,0.031321,0.011146,0.034071,0.044375,0.057000
452,,0.028043,0.025680,0.023192,0.026769,0.030479,0.033918,0.025831,0.072355,0.027716,0.050766,0.034828,0.055834,0.031262,0.011055,0.033536,0.043656,0.056192
453,,0.027858,0.025333,0.022953,0.026705,0.029716,0.032788,0.025845,0.070602,0.027452,0.050636,0.034495,0.055071,0.031201,0.010961,0.033007,0.042945,0.055423
454,,0.027669,0.024999,0.022714,0.026635,0.028965,0.031683,0.025855,0.068899,0.027186,0.050507,0.034184,0.054272,0.031137,0.010866,0.032488,0.042246,0.054712
455,,0.027477,0.024682,0.022473,0.026558,0.028232,0.030610,0.025857,0.067262,0.026917,0.050379,0.033902,0.053448,0.031069,0.010771,0.031983,0.041566,0.054148
456,,0.027281,0.024384,0.022230,0.026470,0.027525,0.029580,0.025851,0.065704,0.026646,0.050252,0.033652,0.052612,0.030998,0.010675,0.031493,0.040909,0.053629
457,,0.027082,0.024110,0.021987,0.026370,0.026848,0.028599,0.025835,0.064238,0.026373,0.050124,0.033439,0.051773,0.030921,0.010580,0.031022,0.040280,0.053196
458,,0.026879,0.023862,0.021742,0.026253,0.026209,0.027677,0.025806,0.062880,0.026098,0.049994,0.033270,0.050945,0.030839,0.010486,0.030572,0.039686,0.052875
459,,0.026671,0.023643,0.021497,0.026119,0.025614,0.026824,0.025765,0.061642,0.025820,0.049862,0.033147,0.050137,0.030752,0.010394,0.030147,0.039131,0.052506
460,,0.026459,0.023458,0.021251,0.025963,0.025068,0.026046,0.025708,0.060539,0.025541,0.049726,0.033077,0.049363,0.030658,0.010304,0.029750,0.038621,0.052045
461,,0.026242,0.023308,0.021004,0.025785,0.024577,0.025352,0.025635,0.059580,0.025261,0.049586,0.033063,0.048630,0.030558,0.010217,0.029382,0.038159,0.051674
462,,0.026020,0.023190,0.020758,0.025586,0.024139,0.024739,0.025547,0.058760,0.024979,0.049439,0.033098,0.047939,0.030450,0.010133,0.029044,0.037746,0.051429
463,,0.025796,0.023103,0.020513,0.025367,0.023750,0.024203,0.025444,0.058068,0.024699,0.049285,0.033176,0.047285,0.030335,0.010052,0.028734,0.037378,0.051095
464,,0.025568,0.023042,0.020270,0.025132,0.023408,0.023739,0.025328,0.057495,0.024419,0.049120,0.033289,0.046667,0.030213,0.009973,0.028453,0.037055,0.050801
465,,0.025338,0.023004,0.020029,0.024882,0.023109,0.023343,0.025200,0.057030,0.024141,0.048944,0.033431,0.046081,0.030082,0.009897,0.028198,0.036774,0.050560
466,,0.025107,0.022987,0.019792,0.024619,0.022850,0.023011,0.025060,0.056663,0.023867,0.048755,0.033593,0.045524,0.029942,0.009823,0.027970,0.036533,0.050278
467,,0.024874,0.022987,0.019558,0.024347,0.022628,0.022739,0.024911,0.056385,0.023597,0.048551,0.033769,0.044992,0.029793,0.009752,0.027768,0.036330,0.050025
468,,0.024642,0.023000,0.019329,0.024066,0.022439,0.022523,0.024753,0.056184,0.023333,0.048330,0.033951,0.044484,0.029635,0.009682,0.027590,0.036164,0.049796
469,,0.024409,0.023024,0.019106,0.023780,0.022281,0.022358,0.024587,0.056051,0.023075,0.048090,0.034133,0.043996,0.029468,0.009615,0.027436,0.036032,0.049550
470,,0.024178,0.023056,0.018889,0.023490,0.022150,0.022240,0.024414,0.055977,0.022824,0.047829,0.034306,0.043525,0.029290,0.009550,0.027305,0.035933,0.049274
471,,0.023949,0.023091,0.018679,0.023199,0.022043,0.022164,0.024235,0.055950,0.022581,0.047546,0.034464,0.043068,0.029101,0.009487,0.027196,0.035864,0.049030
472,,0.023721,0.023128,0.018476,0.022909,0.021956,0.022128,0.024053,0.055960,0.022347,0.047239,0.034599,0.042621,0.028902,0.009426,0.027109,0.035824,0.048761
473,,0.023497,0.023162,0.018282,0.022623,0.021887,0.022125,0.023867,0.055999,0.022124,0.046907,0.034705,0.042182,0.028692,0.009366,0.027043,0.035811,0.048454
474,,0.023277,0.023191,0.018098,0.022341,0.021831,0.022152,0.023678,0.056055,0.021912,0.046546,0.034773,0.041748,0.028470,0.009308,0.026996,0.035822,0.048135
475,,0.023060,0.023211,0.017923,0.022068,0.021787,0.022206,0.023489,0.056119,0.021712,0.046156,0.034796,0.041316,0.028236,0.009251,0.026969,0.035856,0.047887
476,,0.022849,0.023219,0.017759,0.021804,0.021751,0.022281,0.023299,0.056180,0.021526,0.045735,0.034768,0.040883,0.027990,0.009196,0.026960,0.035911,0.047706
477,,0.022643,0.023212,0.017607,0.021552,0.021719,0.022373,0.023111,0.056228,0.021354,0.045281,0.034680,0.040445,0.027731,0.009142,0.026968,0.035985,0.047482
478,,0.022444,0.023187,0.017466,0.021315,0.021688,0.022478,0.022925,0.056254,0.021196,0.044792,0.034527,0.040000,0.027459,0.009089,0.026992,0.036076,0.047257
479,,0.022251,0.023140,0.017339,0.021095,0.021655,0.022592,0.022742,0.056247,0.021056,0.044266,0.034299,0.039544,0.027173,0.009037,0.027033,0.036183,0.047083
480,,0.022066,0.023069,0.017225,0.020893,0.021617,0.022710,0.022564,0.056197,0.020932,0.043702,0.033991,0.039076,0.026874,0.008986,0.027088,0.036302,0.046922
481,,0.021889,0.022970,0.017126,0.020712,0.021571,0.022829,0.022391,0.056096,0.020826,0.043099,0.033597,0.038591,0.026560,0.008936,0.027158,0.036432,0.046807
482,,0.021719,0.022845,0.017039,0.020549,0.021517,0.022948,0.022223,0.055942,0.020736,0.042459,0.033122,0.038089,0.026234,0.008887,0.027240,0.036569,0.046703
483,,0.021555,0.022692,0.016963,0.020403,0.021453,0.023064,0.022059,0.055736,0.020658,0.041785,0.032574,0.037569,0.025895,0.008838,0.027331,0.036710,0.046587
484,,0.021397,0.022515,0.016895,0.020272,0.021379,0.023176,0.021899,0.055479,0.020591,0.041082,0.031959,0.037032,0.025545,0.008789,0.027432,0.036850,0.046457
485,,0.021243,0.022312,0.016835,0.020153,0.021296,0.023283,0.021742,0.055170,0.020530,0.040353,0.031285,0.036476,0.025185,0.008740,0.027538,0.036986,0.046362
486,,0.021092,0.022084,0.016780,0.020043,0.021203,0.023384,0.021588,0.054810,0.020475,0.039601,0.030559,0.035900,0.024816,0.008691,0.027648,0.037113,0.046279
487,,0.020943,0.021833,0.016728,0.019941,0.021098,0.023478,0.021436,0.054399,0.020422,0.038830,0.029788,0.035305,0.024439,0.008641,0.027760,0.037228,0.046238
488,,0.020795,0.021559,0.016677,0.019845,0.020983,0.023563,0.021286,0.053938,0.020368,0.038043,0.028980,0.034690,0.024055,0.008591,0.027873,0.037327,0.046169
489,,0.020648,0.021263,0.016626,0.019752,0.020856,0.023638,0.021136,0.053427,0.020310,0.037244,0.028141,0.034054,0.023664,0.008540,0.027984,0.037406,0.046028
490,,0.020500,0.020946,0.016573,0.019659,0.020718,0.023701,0.020986,0.052867,0.020247,0.036435,0.027279,0.033396,0.023269,0.008487,0.028090,0.037460,0.045969
491,,0.020351,0.020607,0.016516,0.019566,0.020567,0.023751,0.020837,0.052257,0.020174,0.035622,0.026402,0.032716,0.022870,0.008433,0.028191,0.037487,0.045925
492,,0.020198,0.020249,0.016452,0.019469,0.020404,0.023788,0.020686,0.051599,0.020090,0.034807,0.025516,0.032014,0.022469,0.008378,0.028284,0.037482,0.045742
493,,0.020042,0.019871,0.016381,0.019366,0.020228,0.023809,0.020534,0.050892,0.019992,0.033993,0.024628,0.031289,0.022065,0.008320,0.028367,0.037441,0.045494
494,,0.019882,0.019475,0.016299,0.019255,0.020038,0.023813,0.020380,0.050138,0.019878,0.033185,0.023746,0.030541,0.021660,0.008261,0.028438,0.037360,0.045302
495,,0.019715,0.019061,0.016207,0.019134,0.019835,0.023800,0.020223,0.049336,0.019743,0.032385,0.022877,0.029768,0.021256,0.008199,0.028495,0.037235,0.045096
496,,0.019542,0.018629,0.016100,0.019000,0.019618,0.023767,0.020063,0.048486,0.019586,0.031598,0.022029,0.028970,0.020853,0.008135,0.028537,0.037064,0.044820
497,,0.019361,0.018181,0.015979,0.018851,0.019386,0.023713,0.019899,0.047590,0.019404,0.030826,0.021208,0.028148,0.020452,0.008067,0.028560,0.036840,0.044495
498,,0.019172,0.017718,0.015840,0.018686,0.019140,0.023638,0.019731,0.046647,0.019195,0.030073,0.020422,0.027299,0.020054,0.007997,0.028563,0.036562,0.044155
499,,0.018972,0.017239,0.015682,0.018502,0.018878,0.023540,0.019558,0.045658,0.018955,0.029343,0.019678,0.026424,0.019661,0.007924,0.028544,0.036224,0.043805
500,,0.018763,0.016746,0.015503,0.018296,0.018601,0.023417,0.019379,0.044624,0.018682,0.028638,0.018983,0.025523,0.019273,0.007847,0.028501,0.035823,0.043376
501,,0.018542,0.016239,0.015302,0.018067,0.018309,0.023269,0.019194,0.043545,0.018374,0.027963,0.018342,0.024595,0.018892,0.007767,0.028434,0.035356,0.042884
502,,0.018310,0.015722,0.015082,0.017817,0.018002,0.023097,0.019004,0.042426,0.018035,0.027314,0.017753,0.023645,0.018517,0.007684,0.028343,0.034833,0.042353
503,,0.018070,0.015196,0.014844,0.017549,0.017682,0.022906,0.018809,0.041274,0.017668,0.026690,0.017211,0.022679,0.018148,0.007598,0.028234,0.034261,0.041847
504,,0.017823,0.014664,0.014593,0.017266,0.017350,0.022697,0.018611,0.040095,0.017279,0.026088,0.016711,0.021703,0.017786,0.007509,0.028109,0.033651,0.041364
505,,0.017570,0.014130,0.014332,0.016970,0.017009,0.022473,0.018410,0.038894,0.016871,0.025505,0.016248,0.020722,0.017431,0.007419,0.027972,0.033012,0.040868
506,,0.017312,0.013595,0.014063,0.016665,0.016658,0.022238,0.018208,0.037677,0.016448,0.024938,0.015817,0.019742,0.017083,0.007327,0.027827,0.032353,0.040349
507,,0.017051,0.013063,0.013789,0.016352,0.016301,0.021993,0.018004,0.036450,0.016016,0.024386,0.015414,0.018768,0.016741,0.007235,0.027677,0.031685,0.039859
508,,0.016789,0.012535,0.013514,0.016035,0.015938,0.021741,0.017800,0.035219,0.015577,0.023845,0.015034,0.017807,0.016407,0.007142,0.027526,0.031016,0.039331
509,,0.016526,0.012016,0.013240,0.015717,0.015571,0.021486,0.017597,0.033990,0.015137,0.023313,0.014671,0.016864,0.016079,0.007049,0.027376,0.030356,0.038715
510,,0.016265,0.011506,0.012971,0.015400,0.015202,0.021230,0.017395,0.032769,0.014700,0.022787,0.014321,0.015945,0.015759,0.006957,0.027232,0.029715,0.038060
511,,0.016006,0.011010,0.012710,0.015087,0.014831,0.020976,0.017196,0.031562,0.014270,0.022264,0.013980,0.015055,0.015446,0.006866,0.027098,0.029102,0.037444
512,,0.015752,0.010529,0.012460,0.014781,0.014460,0.020726,0.017000,0.030375,0.013851,0.021743,0.013641,0.014200,0.015140,0.006776,0.026976,0.028526,0.036873
513,,0.015503,0.010066,0.012223,0.014484,0.014091,0.020483,0.016809,0.029213,0.013447,0.021220,0.013302,0.013386,0.014842,0.006688,0.026870,0.027998,0.036201
514,,0.015261,0.009625,0.012003,0.014200,0.013725,0.020251,0.016622,0.028083,0.013064,0.020693,0.012956,0.012618,0.014551,0.006602,0.026784,0.027527,0.035589
515,,0.015028,0.009207,0.011803,0.013931,0.013364,0.020031,0.016441,0.026991,0.012704,0.020160,0.012599,0.011903,0.014268,0.006520,0.026720,0.027122,0.034932
516,,0.014804,0.008815,0.011625,0.013680,0.013009,0.019827,0.016267,0.025940,0.012372,0.019618,0.012227,0.011243,0.013992,0.006440,0.026683,0.026790,0.034276
517,,0.014589,0.008448,0.011467,0.013447,0.012660,0.019639,0.016098,0.024934,0.012067,0.019070,0.011843,0.010639,0.013724,0.006364,0.026670,0.026528,0.033572
518,,0.014383,0.008105,0.011327,0.013232,0.012320,0.019467,0.015935,0.023971,0.011785,0.018518,0.011448,0.010086,0.013462,0.006291,0.026679,0.026329,0.032837
519,,0.014185,0.007786,0.011201,0.013035,0.011987,0.019313,0.015777,0.023052,0.011526,0.017966,0.011047,0.009582,0.013207,0.006220,0.026709,0.026187,0.032233
520,,0.013994,0.007489,0.011088,0.012857,0.011664,0.019177,0.015622,0.022177,0.011287,0.017417,0.010641,0.009123,0.012957,0.006152,0.026755,0.026096,0.031659
521,,0.013810,0.007213,0.010983,0.012697,0.011350,0.019060,0.015471,0.021346,0.011066,0.016874,0.010235,0.008707,0.012713,0.006086,0.026817,0.026049,0.031074
522,,0.013631,0.006957,0.010886,0.012556,0.011046,0.018962,0.015321,0.020560,0.010861,0.016339,0.009830,0.008330,0.012474,0.006022,0.026893,0.026041,0.030406
523,,0.013457,0.006720,0.010792,0.012434,0.010754,0.018884,0.015174,0.019819,0.010670,0.015816,0.009430,0.007990,0.012239,0.005961,0.026979,0.026065,0.029793
524,,0.013288,0.006502,0.010699,0.012331,0.010474,0.018826,0.015028,0.019123,0.010490,0.015308,0.009039,0.007684,0.012009,0.005901,0.027074,0.026114,0.029171
525,,0.013123,0.006300,0.010605,0.012248,0.010206,0.018790,0.014882,0.018471,0.010321,0.014817,0.008658,0.007408,0.011782,0.005843,0.027175,0.026183,0.028554
526,,0.012961,0.006115,0.010506,0.012183,0.009952,0.018775,0.014736,0.017865,0.010158,0.014347,0.008291,0.007159,0.011558,0.005786,0.027280,0.026265,0.027973
527,,0.012802,0.005945,0.010401,0.012138,0.009711,0.018783,0.014588,0.017305,0.010002,0.013901,0.007940,0.006934,0.011337,0.005731,0.027386,0.026355,0.027329
528,,0.012644,0.005789,0.010285,0.012113,0.009486,0.018813,0.014439,0.016790,0.009849,0.013482,0.007610,0.006731,0.011118,0.005676,0.027493,0.026445,0.026740
529,,0.012487,0.005645,0.010157,0.012107,0.009275,0.018868,0.014287,0.016321,0.009697,0.013092,0.007302,0.006546,0.010902,0.005622,0.027597,0.026529,0.026211
530,,0.012331,0.005514,0.010014,0.012121,0.009082,0.018946,0.014132,0.015898,0.009545,0.012735,0.007020,0.006377,0.010686,0.005569,0.027695,0.026602,0.025691
531,,0.012175,0.005394,0.009854,0.012155,0.008904,0.019049,0.013973,0.015520,0.009390,0.012413,0.006766,0.006219,0.010472,0.005517,0.027787,0.026658,0.025160
532,,0.012018,0.005284,0.009678,0.012206,0.008743,0.019176,0.013810,0.015184,0.009233,0.012121,0.006538,0.006074,0.010258,0.005464,0.027872,0.026697,0.024695
533,,0.011861,0.005185,0.009489,0.012272,0.008597,0.019324,0.013643,0.014884,0.009075,0.011856,0.006333,0.005939,0.010046,0.005411,0.027950,0.026721,0.024193
534,,0.011702,0.005094,0.009289,0.012350,0.008466,0.019493,0.013471,0.014616,0.008914,0.011612,0.006149,0.005814,0.009835,0.005358,0.028022,0.026730,0.023740
535,,0.011543,0.005012,0.009081,0.012437,0.008349,0.019682,0.013295,0.014374,0.008753,0.011385,0.005982,0.005699,0.009626,0.005303,0.028087,0.026726,0.023286
536,,0.011382,0.004937,0.008867,0.012531,0.008245,0.019887,0.013114,0.014154,0.008590,0.011170,0.005830,0.005593,0.009417,0.005247,0.028145,0.026711,0.022653
537,,0.011220,0.004871,0.008650,0.012630,0.008154,0.020110,0.012928,0.013951,0.008428,0.010962,0.005690,0.005496,0.009211,0.005189,0.028198,0.026685,0.022186
538,,0.011056,0.004810,0.008432,0.012730,0.008074,0.020347,0.012737,0.013760,0.008265,0.010757,0.005559,0.005406,0.009006,0.005129,0.028245,0.026651,0.021948
539,,0.010891,0.004757,0.008215,0.012829,0.008005,0.020597,0.012541,0.013576,0.008103,0.010549,0.005434,0.005322,0.008803,0.005067,0.028287,0.026608,0.021570
540,,0.010723,0.004708,0.008002,0.012925,0.007946,0.020859,0.012340,0.013394,0.007942,0.010335,0.005314,0.005246,0.008601,0.005002,0.028323,0.026558,0.021191
541,,0.010552,0.004665,0.007794,0.013015,0.007897,0.021132,0.012133,0.013209,0.007783,0.010108,0.005194,0.005175,0.008402,0.004933,0.028354,0.026503,0.021006
542,,0.010380,0.004626,0.007596,0.013095,0.007856,0.021414,0.011921,0.013016,0.007625,0.009865,0.005072,0.005109,0.008204,0.004861,0.028381,0.026444,0.020839
543,,0.010204,0.004590,0.007408,0.013165,0.007823,0.021704,0.011703,0.012811,0.007469,0.009601,0.004946,0.005047,0.008009,0.004784,0.028402,0.026382,0.020606
544,,0.010026,0.004558,0.007234,0.013220,0.007797,0.021999,0.011479,0.012588,0.007316,0.009310,0.004812,0.004989,0.007816,0.004704,0.028419,0.026318,0.020355
545,,0.009844,0.004529,0.007076,0.013259,0.007778,0.022300,0.011250,0.012343,0.007165,0.008989,0.004668,0.004935,0.007626,0.004618,0.028432,0.026255,0.020137
546,,0.009660,0.004501,0.006935,0.013279,0.007765,0.022604,0.011014,0.012073,0.007019,0.008634,0.004521,0.004882,0.007438,0.004528,0.028440,0.026191,0.020007
547,,0.009472,0.004476,0.006811,0.013282,0.007757,0.022909,0.010773,0.011780,0.006875,0.008249,0.004360,0.004833,0.007252,0.004433,0.028443,0.026128,0.019901
548,,0.009283,0.004453,0.006701,0.013268,0.007757,0.023213,0.010528,0.011470,0.006735,0.007840,0.004187,0.004786,0.007071,0.004334,0.028439,0.026066,0.019884
549,,0.009093,0.004433,0.006603,0.013239,0.007764,0.023514,0.010279,0.011147,0.006598,0.007414,0.004005,0.004741,0.006893,0.004233,0.028426,0.026004,0.019880
550,,0.008904,0.004415,0.006515,0.013197,0.007779,0.023809,0.010028,0.010818,0.006465,0.006975,0.003816,0.004699,0.006719,0.004129,0.028402,0.025942,0.019797
551,,0.008715,0.004401,0.006436,0.013144,0.007803,0.024097,0.009776,0.010486,0.006335,0.006529,0.003624,0.004660,0.006550,0.004024,0.028367,0.025879,0.019686
552,,0.008527,0.004390,0.006363,0.013080,0.007836,0.024375,0.009523,0.010157,0.006208,0.006083,0.003431,0.004623,0.006386,0.003919,0.028319,0.025816,0.019618
553,,0.008342,0.004383,0.006295,0.013007,0.007879,0.024642,0.009270,0.009837,0.006085,0.005642,0.003248,0.004588,0.006228,0.003814,0.028255,0.025752,0.019681
554,,0.008161,0.004380,0.006228,0.012927,0.007933,0.024894,0.009019,0.009529,0.005965,0.005213,0.003070,0.004557,0.006076,0.003710,0.028175,0.025686,0.019765
555,,0.007984,0.004381,0.006162,0.012841,0.007998,0.025130,0.008771,0.009239,0.005848,0.004800,0.002901,0.004528,0.005930,0.003607,0.028077,0.025620,0.019855
556,,0.007811,0.004387,0.006095,0.012751,0.008074,0.025348,0.008525,0.008972,0.005735,0.004410,0.002741,0.004501,0.005791,0.003507,0.027960,0.025551,0.019970
557,,0.007645,0.004397,0.006024,0.012658,0.008163,0.025544,0.008284,0.008733,0.005625,0.004048,0.002594,0.004478,0.005660,0.003411,0.027821,0.025481,0.020093
558,,0.007486,0.004412,0.005947,0.012563,0.008265,0.025719,0.008048,0.008527,0.005519,0.003721,0.002462,0.004457,0.005536,0.003318,0.027660,0.025409,0.020214
559,,0.007334,0.004432,0.005863,0.012469,0.008380,0.025868,0.007818,0.008359,0.005416,0.003434,0.002346,0.004438,0.005421,0.003230,0.027474,0.025334,0.020372
560,,0.007190,0.004458,0.005769,0.012376,0.008510,0.025990,0.007595,0.008234,0.005317,0.003193,0.002250,0.004423,0.005314,0.003148,0.027263,0.025256,0.020500
561,,0.007056,0.004489,0.005664,0.012285,0.008654,0.026082,0.007380,0.008156,0.005220,0.003003,0.002175,0.004410,0.005217,0.003071,0.027024,0.025175,0.020619
562,,0.006930,0.004526,0.005550,0.012197,0.008812,0.026143,0.007174,0.008122,0.005128,0.002862,0.002120,0.004400,0.005128,0.003001,0.026757,0.025086,0.020778
563,,0.006814,0.004567,0.005427,0.012110,0.008982,0.026171,0.006976,0.008131,0.005039,0.002768,0.002083,0.004393,0.005049,0.002937,0.026459,0.024983,0.020933
564,,0.006706,0.004612,0.005298,0.012022,0.009164,0.026162,0.006788,0.008178,0.004954,0.002718,0.002065,0.004389,0.004979,0.002879,0.026130,0.024861,0.021138
565,,0.006607,0.004662,0.005164,0.011934,0.009356,0.026116,0.006610,0.008260,0.004874,0.002710,0.002062,0.004387,0.004919,0.002825,0.025768,0.024715,0.021405
566,,0.006516,0.004714,0.005028,0.011842,0.009556,0.026029,0.006442,0.008374,0.004797,0.002742,0.002073,0.004389,0.004867,0.002777,0.025372,0.024539,0.021664
567,,0.006434,0.004770,0.004890,0.011747,0.009765,0.025899,0.006285,0.008516,0.004726,0.002811,0.002098,0.004395,0.004825,0.002734,0.024940,0.024329,0.021973
568,,0.006360,0.004828,0.004753,0.011648,0.009980,0.025725,0.006139,0.008684,0.004658,0.002915,0.002135,0.004403,0.004792,0.002696,0.024470,0.024078,0.022316
569,,0.006294,0.004888,0.004618,0.011543,0.010200,0.025505,0.006006,0.008875,0.004596,0.003050,0.002182,0.004415,0.004768,0.002662,0.023963,0.023782,0.022624
570,,0.006235,0.004950,0.004487,0.011431,0.010425,0.025235,0.005884,0.009084,0.004539,0.003216,0.002238,0.004430,0.004754,0.002633,0.023415,0.023435,0.023028
571,,0.006185,0.005013,0.004362,0.011311,0.010653,0.024913,0.005776,0.009309,0.004488,0.003408,0.002302,0.004449,0.004749,0.002608,0.022826,0.023032,0.023405
572,,0.006142,0.005076,0.004244,0.011182,0.010882,0.024539,0.005680,0.009547,0.004441,0.003625,0.002372,0.004471,0.004753,0.002586,0.022194,0.022568,0.023750
573,,0.006106,0.005140,0.004136,0.011043,0.011112,0.024109,0.005599,0.009794,0.004401,0.003864,0.002446,0.004497,0.004766,0.002568,0.021518,0.022037,0.024039
574,,0.006077,0.005204,0.004039,0.010892,0.011342,0.023621,0.005531,0.010047,0.004366,0.004123,0.002524,0.004527,0.004789,0.002554,0.020797,0.021434,0.024334
575,,0.006055,0.005267,0.003954,0.010729,0.011570,0.023073,0.005479,0.010303,0.004337,0.004400,0.002604,0.004561,0.004821,0.002542,0.020028,0.020753,0.024711
576,,0.006041,0.005328,0.003883,0.010554,0.011796,0.022465,0.005441,0.010559,0.004315,0.004690,0.002685,0.004598,0.004862,0.002534,0.019214,0.019993,0.025049
577,,0.006031,0.005389,0.003825,0.010366,0.012018,0.021807,0.005417,0.010811,0.004298,0.004991,0.002765,0.004639,0.004910,0.002528,0.018361,0.019165,0.025414
578,,0.006026,0.005448,0.003779,0.010167,0.012237,0.021109,0.005403,0.011057,0.004285,0.005297,0.002844,0.004683,0.004965,0.002524,0.017481,0.018282,0.025779
579,,0.006025,0.005506,0.003743,0.009959,0.012451,0.020383,0.005400,0.011293,0.004276,0.005602,0.002921,0.004730,0.005025,0.002521,0.016583,0.017358,0.026141
580,,0.006025,0.005563,0.003716,0.009742,0.012662,0.019642,0.005404,0.011518,0.004270,0.005903,0.002996,0.004779,0.005087,0.002519,0.015679,0.016409,0.026453
581,,0.006027,0.005618,0.003697,0.009518,0.012868,0.018895,0.005414,0.011727,0.004266,0.006193,0.003066,0.004830,0.005151,0.002517,0.014779,0.015447,0.026715
582,,0.006028,0.005672,0.003683,0.009289,0.013068,0.018156,0.005427,0.011919,0.004263,0.006469,0.003132,0.004883,0.005215,0.002515,0.013893,0.014487,0.027031
583,,0.006027,0.005724,0.003675,0.009056,0.013264,0.017434,0.005443,0.012089,0.004260,0.006725,0.003192,0.004938,0.005277,0.002512,0.013031,0.013544,0.027359
584,,0.006023,0.005775,0.003669,0.008819,0.013453,0.016742,0.005458,0.012235,0.004257,0.006957,0.003246,0.004993,0.005336,0.002508,0.012204,0.012630,0.027675
585,,0.006016,0.005824,0.003666,0.008581,0.013637,0.016092,0.005472,0.012354,0.004252,0.007159,0.003293,0.005049,0.005390,0.002502,0.011423,0.011761,0.028029
586,,0.006003,0.005872,0.003663,0.008342,0.013814,0.015494,0.005481,0.012444,0.004245,0.007326,0.003332,0.005105,0.005438,0.002493,0.010697,0.010950,0.028402
587,,0.005984,0.005918,0.003660,0.008105,0.013984,0.014960,0.005485,0.012501,0.004235,0.007454,0.003362,0.005162,0.005477,0.002482,0.010038,0.010212,0.028706
588,,0.005957,0.005963,0.003654,0.007869,0.014147,0.014502,0.005482,0.012521,0.004221,0.007537,0.003382,0.005217,0.005508,0.002467,0.009455,0.009561,0.029003
589,,0.005922,0.006005,0.003644,0.007637,0.014302,0.014130,0.005468,0.012503,0.004202,0.007571,0.003391,0.005272,0.005526,0.002448,0.008959,0.009010,0.029278
590,,0.005876,0.006046,0.003630,0.007409,0.014449,0.013858,0.005444,0.012444,0.004177,0.007551,0.003389,0.005326,0.005533,0.002424,0.008561,0.008574,0.029505
591,,0.005820,0.006085,0.003610,0.007188,0.014589,0.013691,0.005406,0.012342,0.004146,0.007474,0.003375,0.005378,0.005525,0.002396,0.008266,0.008262,0.029754
592,,0.005754,0.006123,0.003585,0.006974,0.014723,0.013622,0.005358,0.012207,0.004111,0.007347,0.003350,0.005429,0.005505,0.002364,0.008065,0.008063,0.029997
593,,0.005683,0.006158,0.003556,0.006768,0.014857,0.013637,0.005299,0.012050,0.004071,0.007179,0.003315,0.005477,0.005473,0.002329,0.007944,0.007959,0.030214
594,,0.005608,0.006193,0.003526,0.006571,0.014993,0.013725,0.005234,0.011882,0.004030,0.006980,0.003273,0.005525,0.005433,0.002294,0.007890,0.007935,0.030423
595,,0.005532,0.006227,0.003495,0.006385,0.015135,0.013871,0.005163,0.011715,0.003988,0.006758,0.003224,0.005570,0.005384,0.002260,0.007887,0.007974,0.030697
596,,0.005458,0.006260,0.003465,0.006210,0.015286,0.014064,0.005089,0.011560,0.003947,0.006524,0.003170,0.005614,0.005330,0.002228,0.007923,0.008060,0.030936
597,,0.005387,0.006292,0.003438,0.006047,0.015450,0.014291,0.005013,0.011429,0.003908,0.006286,0.003113,0.005655,0.005271,0.002199,0.007983,0.008175,0.031138
598,,0.005323,0.006323,0.003415,0.005898,0.015631,0.014539,0.004938,0.011332,0.003874,0.006054,0.003054,0.005695,0.005209,0.002175,0.008053,0.008303,0.031399
599,,0.005268,0.006354,0.003397,0.005764,0.015832,0.014795,0.004865,0.011281,0.003844,0.005837,0.002994,0.005733,0.005146,0.002157,0.008120,0.008429,0.031611
600,,0.005225,0.006385,0.003387,0.005645,0.016057,0.015047,0.004797,0.011288,0.003822,0.005645,0.002936,0.005768,0.005083,0.002148,0.008169,0.008534,0.031739
601,,0.005195,0.006416,0.003384,0.005543,0.016308,0.015285,0.004735,0.011360,0.003808,0.005484,0.002880,0.005802,0.005022,0.002147,0.008191,0.008607,0.031949
602,,0.005178,0.006449,0.003391,0.005457,0.016583,0.015510,0.004681,0.011494,0.003802,0.005354,0.002828,0.005835,0.004965,0.002154,0.008187,0.008649,0.032222
603,,0.005175,0.006483,0.003406,0.005389,0.016879,0.015729,0.004636,0.011683,0.003805,0.005255,0.002782,0.005868,0.004912,0.002170,0.008166,0.008665,0.032465
604,,0.005184,0.006521,0.003432,0.005337,0.017193,0.015944,0.004601,0.011921,0.003817,0.005182,0.002745,0.005901,0.004865,0.002192,0.008133,0.008660,0.032694
605,,0.005204,0.006563,0.003467,0.005301,0.017521,0.016162,0.004578,0.012200,0.003837,0.005136,0.002717,0.005937,0.004825,0.002221,0.008094,0.008639,0.032975
606,,0.005236,0.006610,0.003513,0.005283,0.017862,0.016387,0.004567,0.012514,0.003865,0.005114,0.002714,0.005976,0.004793,0.002256,0.008058,0.008607,0.033308
607,,0.005278,0.006664,0.003570,0.005282,0.018211,0.016624,0.004570,0.012855,0.003903,0.005113,0.002719,0.006020,0.004771,0.002296,0.008029,0.008569,0.033555
608,,0.005330,0.006725,0.003638,0.005297,0.018565,0.016878,0.004589,0.013218,0.003949,0.005132,0.002734,0.006068,0.004760,0.002341,0.008015,0.008531,0.033767
609,,0.005391,0.006794,0.003718,0.005329,0.018922,0.017154,0.004624,0.013595,0.004003,0.005169,0.002758,0.006123,0.004760,0.002389,0.008022,0.008497,0.033988
610,,0.005461,0.006874,0.003810,0.005379,0.019278,0.017456,0.004676,0.013979,0.004067,0.005223,0.002791,0.006186,0.004774,0.002440,0.008057,0.008473,0.034169
611,,0.005539,0.006963,0.003914,0.005445,0.019630,0.017787,0.004747,0.014364,0.004139,0.005290,0.002860,0.006256,0.004802,0.002494,0.008124,0.008463,0.034352
612,,0.005622,0.007059,0.004027,0.005524,0.019978,0.018140,0.004832,0.014746,0.004217,0.005367,0.002944,0.006333,0.004842,0.002549,0.008219,0.008467,0.034569
613,,0.005708,0.007161,0.004145,0.005615,0.020319,0.018504,0.004928,0.015121,0.004299,0.005453,0.003039,0.006413,0.004891,0.002605,0.008337,0.008485,0.034818
614,,0.005794,0.007263,0.004264,0.005713,0.020654,0.018870,0.005031,0.015485,0.004383,0.005542,0.003138,0.006494,0.004946,0.002660,0.008473,0.008516,0.035070
615,,0.005878,0.007364,0.004382,0.005815,0.020982,0.019228,0.005135,0.015834,0.004466,0.005633,0.003238,0.006575,0.005005,0.002714,0.008619,0.008560,0.035330
616,,0.005958,0.007460,0.004494,0.005919,0.021301,0.019569,0.005237,0.016165,0.004545,0.005722,0.003332,0.006652,0.005065,0.002766,0.008771,0.008617,0.035556
617,,0.006031,0.007549,0.004597,0.006022,0.021610,0.019882,0.005334,0.016473,0.004620,0.005806,0.003416,0.006722,0.005123,0.002814,0.008922,0.008686,0.035655
618,,0.006095,0.007626,0.004687,0.006119,0.021909,0.020157,0.005419,0.016756,0.004686,0.005881,0.003484,0.006785,0.005176,0.002859,0.009067,0.008766,0.035729
619,,0.006146,0.007689,0.004760,0.006208,0.022196,0.020386,0.005490,0.017008,0.004741,0.005944,0.003531,0.006837,0.005222,0.002898,0.009200,0.008858,0.035875
620,,0.006183,0.007736,0.004814,0.006287,0.022472,0.020557,0.005543,0.017226,0.004784,0.005992,0.003552,0.006876,0.005258,0.002932,0.009315,0.008961,0.035968
621,,0.006204,0.007763,0.004845,0.006352,0.022733,0.020665,0.005573,0.017407,0.004812,0.006024,0.003545,0.006900,0.005283,0.002958,0.009408,0.009074,0.036032
622,,0.006211,0.007773,0.004856,0.006405,0.022978,0.020715,0.005586,0.017552,0.004828,0.006046,0.003519,0.006913,0.005297,0.002979,0.009479,0.009195,0.036111
623,,0.006209,0.007771,0.004853,0.006450,0.023202,0.020715,0.005586,0.017662,0.004834,0.006066,0.003490,0.006921,0.005306,0.002995,0.009530,0.009320,0.036174
624,,0.006201,0.007761,0.004839,0.006490,0.023403,0.020675,0.005579,0.017739,0.004832,0.006092,0.003469,0.006926,0.005312,0.003007,0.009562,0.009448,0.036253
625,,0.006191,0.007744,0.004819,0.006527,0.023576,0.020603,0.005568,0.017783,0.004826,0.006133,0.003472,0.006934,0.005319,0.003015,0.009577,0.009576,0.036254
626,,0.006183,0.007727,0.004797,0.006563,0.023717,0.020509,0.005561,0.017798,0.004817,0.006196,0.003511,0.006950,0.005330,0.003021,0.009576,0.009700,0.036173
627,,0.006179,0.007711,0.004778,0.006603,0.023825,0.020400,0.005560,0.017783,0.004810,0.006291,0.003601,0.006978,0.005349,0.003026,0.009561,0.009818,0.036115
628,,0.006185,0.007701,0.004765,0.006649,0.023894,0.020286,0.005573,0.017741,0.004805,0.006424,0.003754,0.007023,0.005378,0.003030,0.009533,0.009928,0.036021
629,,0.006203,0.007702,0.004764,0.006704,0.023921,0.020175,0.005603,0.017672,0.004807,0.006604,0.003984,0.007089,0.005422,0.003034,0.009494,0.010026,0.035916
630,,0.006238,0.007715,0.004779,0.006770,0.023904,0.020076,0.005656,0.017579,0.004817,0.006840,0.004305,0.007182,0.005483,0.003039,0.009446,0.010111,0.035803
631,,0.006292,0.007745,0.004812,0.006849,0.023838,0.019995,0.005735,0.017463,0.004837,0.007134,0.004724,0.007303,0.005564,0.003046,0.009390,0.010179,0.035661
632,,0.006358,0.007791,0.004859,0.006937,0.023724,0.019929,0.005834,0.017326,0.004864,0.007470,0.005224,0.007447,0.005658,0.003053,0.009327,0.010231,0.035521
633,,0.006431,0.007854,0.004911,0.007027,0.023563,0.019872,0.005946,0.017170,0.004893,0.007827,0.005781,0.007610,0.005758,0.003058,0.009257,0.010268,0.035397
634,,0.006502,0.007933,0.004962,0.007113,0.023357,0.019816,0.006061,0.016999,0.004921,0.008184,0.006370,0.007783,0.005857,0.003059,0.009181,0.010293,0.035245
635,,0.006566,0.008026,0.005006,0.007190,0.023106,0.019755,0.006173,0.016814,0.004943,0.008520,0.006967,0.007960,0.005946,0.003054,0.009100,0.010304,0.034963
636,,0.006614,0.008135,0.005034,0.007250,0.022811,0.019684,0.006274,0.016618,0.004954,0.008812,0.007550,0.008134,0.006019,0.003041,0.009013,0.010305,0.034670
637,,0.006641,0.008258,0.005040,0.007288,0.022473,0.019596,0.006355,0.016414,0.004951,0.009040,0.008093,0.008300,0.006067,0.003018,0.008922,0.010295,0.034406
638,,0.006638,0.008395,0.005017,0.007297,0.022093,0.019485,0.006409,0.016203,0.004929,0.009182,0.008572,0.008449,0.006084,0.002982,0.008826,0.010276,0.034067
639,,0.006600,0.008545,0.004957,0.007273,0.021672,0.019343,0.006428,0.015989,0.004884,0.009218,0.008965,0.008577,0.006062,0.002932,0.008728,0.010250,0.033748
640,,0.006518,0.008708,0.004855,0.007207,0.021212,0.019166,0.006403,0.015773,0.004812,0.009126,0.009246,0.008675,0.005993,0.002866,0.008626,0.010216,0.033494
641,,0.006390,0.008884,0.004706,0.007098,0.020715,0.018948,0.006331,0.015561,0.004710,0.008893,0.009400,0.008740,0.005874,0.002782,0.008523,0.010177,0.033282
642,,0.006226,0.009071,0.004522,0.006956,0.020189,0.018700,0.006221,0.015368,0.004586,0.008545,0.009442,0.008783,0.005714,0.002688,0.008422,0.010138,0.033074
643,,0.006042,0.009269,0.004321,0.006792,0.019645,0.018432,0.006086,0.015212,0.004452,0.008114,0.009393,0.008814,0.005527,0.002588,0.008329,0.010101,0.032878
644,,0.005853,0.009477,0.004117,0.006621,0.019094,0.018155,0.005938,0.015109,0.004318,0.007635,0.009277,0.008847,0.005328,0.002491,0.008249,0.010073,0.032676
645,,0.005673,0.009694,0.003928,0.006454,0.018546,0.017882,0.005790,0.015079,0.004194,0.007140,0.009115,0.008894,0.005129,0.002403,0.008188,0.010057,0.032460
646,,0.005516,0.009919,0.003770,0.006306,0.018011,0.017622,0.005654,0.015138,0.004091,0.006664,0.008930,0.008968,0.004946,0.002331,0.008149,0.010058,0.032290
647,,0.005399,0.010151,0.003658,0.006188,0.017501,0.017387,0.005545,0.015304,0.004019,0.006240,0.008745,0.009080,0.004791,0.002283,0.008139,0.010080,0.032136
648,,0.005335,0.010391,0.003608,0.006114,0.017024,0.017189,0.005474,0.015595,0.003989,0.005901,0.008582,0.009244,0.004679,0.002263,0.008162,0.010129,0.032000
649,,0.005340,0.010635,0.003638,0.006096,0.016593,0.017039,0.005454,0.016029,0.004012,0.005681,0.008463,0.009471,0.004623,0.002281,0.008224,0.010208,0.031858
650,,0.005429,0.010885,0.003762,0.006149,0.016217,0.016948,0.005498,0.016623,0.004097,0.005614,0.008411,0.009774,0.004638,0.002342,0.008329,0.010322,0.031775
651,,0.005612,0.011139,0.003993,0.006280,0.015904,0.016925,0.005616,0.017390,0.004254,0.005725,0.008444,0.010162,0.004733,0.002452,0.008482,0.010476,0.031702
652,,0.005883,0.011398,0.004325,0.006487,0.015656,0.016972,0.005804,0.018326,0.004477,0.006005,0.008558,0.010628,0.004905,0.002607,0.008681,0.010667,0.031558
653,,0.006234,0.011665,0.004747,0.006763,0.015470,0.017086,0.006056,0.019420,0.004762,0.006440,0.008748,0.011163,0.005147,0.002803,0.008923,0.010897,0.031457
654,,0.006654,0.011941,0.005247,0.007102,0.015346,0.017266,0.006366,0.020664,0.005103,0.007011,0.009005,0.011756,0.005454,0.003035,0.009206,0.011164,0.031412
655,,0.007134,0.012227,0.005816,0.007496,0.015280,0.017512,0.006727,0.022047,0.005493,0.007705,0.009323,0.012397,0.005817,0.003299,0.009528,0.011467,0.031470
656,,0.007664,0.012526,0.006442,0.007939,0.015273,0.017820,0.007133,0.023561,0.005926,0.008504,0.009693,0.013077,0.006231,0.003588,0.009886,0.011805,0.031566
657,,0.008234,0.012838,0.007115,0.008424,0.015322,0.018190,0.007579,0.025195,0.006397,0.009392,0.010110,0.013785,0.006688,0.003899,0.010276,0.012178,0.031633
658,,0.008836,0.013166,0.007825,0.008944,0.015425,0.018621,0.008056,0.026940,0.006900,0.010353,0.010565,0.014511,0.007181,0.004227,0.010697,0.012584,0.031798
659,,0.009459,0.013512,0.008560,0.009494,0.015582,0.019111,0.008560,0.028787,0.007427,0.011371,0.011052,0.015245,0.007705,0.004566,0.011146,0.013023,0.032074
660,,0.010094,0.013876,0.009309,0.010065,0.015790,0.019658,0.009083,0.030726,0.007975,0.012430,0.011563,0.015977,0.008252,0.004912,0.011621,0.013494,0.032464
661,,0.010732,0.014261,0.010062,0.010652,0.016048,0.020262,0.009620,0.032747,0.008535,0.013514,0.012090,0.016697,0.008815,0.005260,0.012118,0.013995,0.032989
662,,0.011361,0.014668,0.010809,0.011247,0.016355,0.020920,0.010164,0.034841,0.009103,0.014606,0.012628,0.017395,0.009388,0.005605,0.012635,0.014527,0.033625
663,,0.011974,0.015099,0.011538,0.011844,0.016708,0.021632,0.010709,0.036998,0.009672,0.015690,0.013168,0.018060,0.009964,0.005943,0.013170,0.015088,0.034383
664,,0.012560,0.015556,0.012240,0.012437,0.017107,0.022396,0.011249,0.039209,0.010237,0.016751,0.013703,0.018684,0.010536,0.006268,0.013719,0.015676,0.035172
665,,0.013110,0.016040,0.012902,0.013018,0.017549,0.023210,0.011776,0.041465,0.010791,0.017772,0.014226,0.019255,0.011097,0.006576,0.014281,0.016293,0.035979
666,,0.013616,0.016550,0.013515,0.013580,0.018031,0.024070,0.012285,0.043750,0.011329,0.018738,0.014730,0.019766,0.011641,0.006863,0.014852,0.016933,0.036767
667,,0.014072,0.017078,0.014076,0.014119,0.018542,0.024961,0.012770,0.046034,0.011844,0.019640,0.015207,0.020211,0.012161,0.007125,0.015423,0.017588,0.037600
668,,0.014477,0.017610,0.014580,0.014626,0.019068,0.025864,0.013225,0.048279,0.012331,0.020468,0.015649,0.020590,0.012652,0.007362,0.015987,0.018244,0.038500
669,,0.014827,0.018136,0.015024,0.015098,0.019596,0.026760,0.013642,0.050449,0.012783,0.021214,0.016049,0.020898,0.013107,0.007572,0.016534,0.018889,0.039316
670,,0.015121,0.018642,0.015405,0.015526,0.020113,0.027632,0.014017,0.052508,0.013196,0.021870,0.016399,0.021134,0.013519,0.007752,0.017055,0.019510,0.040064
671,,0.015354,0.019117,0.015719,0.015905,0.020606,0.028461,0.014342,0.054419,0.013563,0.022426,0.016692,0.021295,0.013883,0.007902,0.017542,0.020094,0.040797
672,,0.015524,0.019550,0.015962,0.016229,0.021060,0.029229,0.014611,0.056145,0.013877,0.022874,0.016919,0.021378,0.014192,0.008019,0.017985,0.020630,0.041330
673,,0.015628,0.019927,0.016131,0.016492,0.021463,0.029916,0.014819,0.057650,0.014135,0.023206,0.017073,0.021382,0.014441,0.008102,0.018376,0.021104,0.041763
674,,0.015664,0.020237,0.016223,0.016687,0.021801,0.030505,0.014959,0.058897,0.014329,0.023412,0.017148,0.021303,0.014622,0.008148,0.018707,0.021504,0.042184
675,,0.015628,0.020469,0.016234,0.016809,0.022061,0.030978,0.015025,0.059850,0.014453,0.023485,0.017133,0.021139,0.014730,0.008157,0.018967,0.021817,0.042465
676,,0.015517,0.020610,0.016161,0.016851,0.022230,0.031315,0.015011,0.060472,0.014503,0.023415,0.017024,0.020887,0.014758,0.008127,0.019149,0.022031,0.042684
677,,0.015330,0.020647,0.015999,0.016807,0.022295,0.031498,0.014909,0.060726,0.014471,0.023194,0.016810,0.020545,0.014701,0.008056,0.019243,0.022132,0.042895
678,,0.015062,0.020570,0.015747,0.016671,0.022241,0.031509,0.014716,0.060577,0.014353,0.022813,0.016486,0.020110,0.014552,0.007941,0.019241,0.022110,0.042965
679,,0.014711,0.020366,0.015400,0.016437,0.022055,0.031330,0.014423,0.059987,0.014141,0.022264,0.016043,0.019580,0.014304,0.007782,0.019134,0.021950,0.042913
680,,0.014275,0.020024,0.014955,0.016099,0.021726,0.030942,0.014024,0.058920,0.013832,0.021538,0.015473,0.018953,0.013953,0.007577,0.018913,0.021641,0.042778
681,,0.013752,0.019535,0.014410,0.015653,0.021243,0.030333,0.013518,0.057356,0.013421,0.020631,0.014774,0.018227,0.013493,0.007324,0.018573,0.021174,0.042337
682,,0.013152,0.018912,0.013777,0.015109,0.020618,0.029522,0.012914,0.055336,0.012917,0.019563,0.013958,0.017416,0.012937,0.007030,0.018121,0.020563,0.041617
683,,0.012486,0.018171,0.013067,0.014480,0.019870,0.028533,0.012227,0.052918,0.012335,0.018358,0.013046,0.016531,0.012297,0.006699,0.017572,0.019824,0.040723
684,,0.011766,0.017330,0.012293,0.013779,0.019015,0.027390,0.011470,0.050162,0.011684,0.017041,0.012055,0.015588,0.011587,0.006337,0.016935,0.018974,0.039565
685,,0.011003,0.016404,0.011469,0.013017,0.018070,0.026119,0.010658,0.047125,0.010979,0.015636,0.011002,0.014599,0.010820,0.005950,0.016225,0.018031,0.038144
686,,0.010208,0.015410,0.010606,0.012208,0.017051,0.024744,0.009804,0.043865,0.010231,0.014167,0.009908,0.013579,0.010010,0.005545,0.015452,0.017012,0.036507
687,,0.009394,0.014364,0.009717,0.011365,0.015976,0.023289,0.008922,0.040440,0.009453,0.012660,0.008790,0.012541,0.009170,0.005126,0.014629,0.015934,0.034815
688,,0.008571,0.013284,0.008815,0.010499,0.014862,0.021780,0.008026,0.036910,0.008657,0.011137,0.007666,0.011499,0.008314,0.004700,0.013767,0.014815,0.033121
689,,0.007752,0.012186,0.007912,0.009623,0.013726,0.020241,0.007131,0.033331,0.007855,0.009625,0.006554,0.010468,0.007455,0.004273,0.012880,0.013671,0.031193
690,,0.006947,0.011086,0.007021,0.008751,0.012585,0.018696,0.006250,0.029762,0.007060,0.008148,0.005474,0.009460,0.006606,0.003850,0.011980,0.012521,0.029183
691,,0.006168,0.010002,0.006156,0.007895,0.011455,0.017171,0.005397,0.026261,0.006284,0.006729,0.004443,0.008489,0.005782,0.003437,0.011077,0.011380,0.027352
692,,0.005426,0.008948,0.005327,0.007067,0.010355,0.015690,0.004586,0.022887,0.005540,0.005393,0.003480,0.007569,0.004996,0.003040,0.010185,0.010267,0.025545
693,,0.004733,0.007943,0.004549,0.006280,0.009299,0.014277,0.003832,0.019697,0.004840,0.004166,0.002604,0.006715,0.004260,0.002665,0.009316,0.009199,0.023695
694,,0.004101,0.007003,0.003833,0.005546,0.008307,0.012958,0.003147,0.016750,0.004195,0.003070,0.001831,0.005939,0.003590,0.002317,0.008481,0.008193,0.021989
695,,0.003540,0.006144,0.003192,0.004879,0.007394,0.011757,0.002546,0.014103,0.003619,0.002132,0.001182,0.005256,0.002997,0.002003,0.007693,0.007266,0.020415
696,,0.003060,0.005380,0.002637,0.004288,0.006575,0.010693,0.002040,0.011802,0.003121,0.001368,0.000668,0.004675,0.002492,0.001727,0.006961,0.006431,0.018887
697,,0.002656,0.004706,0.002163,0.003770,0.005845,0.009760,0.001624,0.009833,0.002698,0.000769,0.000424,0.004193,0.002072,0.001487,0.006286,0.005687,0.017432
698,,0.002323,0.004118,0.001764,0.003320,0.005200,0.008948,0.001290,0.008172,0.002344,0.000321,0.000243,0.003799,0.001729,0.001282,0.005664,0.005027,0.016087
699,,0.002053,0.003608,0.001433,0.002933,0.004634,0.008246,0.001030,0.006790,0.002052,0.000180,0.000119,0.003486,0.001456,0.001107,0.005094,0.004446,0.014921
700,,0.001841,0.003170,0.001185,0.002603,0.004139,0.007642,0.000837,0.005663,0.001818,0.000166,0.000105,0.003245,0.001245,0.000960,0.004573,0.003938,0.013858
701,,0.001680,0.002798,0.000984,0.002326,0.003711,0.007126,0.000705,0.004764,0.001633,0.000151,0.000090,0.003068,0.001090,0.000838,0.004099,0.003497,0.012893
702,,0.001562,0.002484,0.000826,0.002095,0.003342,0.006686,0.000621,0.004066,0.001494,0.000137,0.000075,0.002946,0.000991,0.000739,0.003668,0.003117,0.012003
703,,0.001483,0.002223,0.000704,0.001904,0.003027,0.006311,0.000578,0.003544,0.001393,0.000122,0.000060,0.002871,0.000925,0.000660,0.003278,0.002792,0.011217
704,,0.001435,0.002009,0.000614,0.001750,0.002759,0.005991,0.000572,0.003172,0.001324,0.000108,0.000120,0.002834,0.000888,0.000598,0.002927,0.002517,0.010575
705,,0.001412,0.001833,0.000550,0.001626,0.002532,0.005715,0.000593,0.002922,0.001282,0.000094,0.000306,0.002826,0.000883,0.000550,0.002613,0.002284,0.009880
706,,0.001406,0.001691,0.000507,0.001527,0.002341,0.005471,0.000633,0.002770,0.001260,0.000291,0.000506,0.002839,0.000898,0.000514,0.002333,0.002089,0.009266
707,,0.001413,0.001575,0.000496,0.001448,0.002179,0.005248,0.000685,0.002688,0.001253,0.000500,0.000707,0.002864,0.000926,0.000486,0.002083,0.001926,0.008820
708,,0.001425,0.001480,0.000496,0.001383,0.002040,0.005035,0.000741,0.002651,0.001254,0.000704,0.000898,0.002894,0.000959,0.000464,0.001863,0.001788,0.008347
709,,0.001436,0.001398,0.000501,0.001326,0.001917,0.004822,0.000792,0.002631,0.001258,0.000888,0.001064,0.002918,0.000989,0.000445,0.001669,0.001670,0.007820
710,,0.001439,0.001323,0.000504,0.001274,0.001805,0.004597,0.000831,0.002604,0.001257,0.001037,0.001194,0.002930,0.001011,0.000427,0.001499,0.001566,0.007322
711,,0.001429,0.001250,0.000499,0.001220,0.001699,0.004352,0.000852,0.002548,0.001248,0.001138,0.001277,0.002922,0.001018,0.000407,0.001350,0.001470,0.006940
712,,0.001406,0.001178,0.000488,0.001164,0.001597,0.004087,0.000854,0.002462,0.001230,0.001194,0.001317,0.002894,0.001010,0.000384,0.001221,0.001382,0.006642
713,,0.001372,0.001107,0.000470,0.001108,0.001500,0.003807,0.000841,0.002349,0.001205,0.001209,0.001316,0.002849,0.000989,0.000360,0.001111,0.001301,0.006276
714,,0.001328,0.001038,0.000447,0.001050,0.001407,0.003515,0.000813,0.002214,0.001173,0.001188,0.001282,0.002789,0.000957,0.000334,0.001017,0.001227,0.005897
715,,0.001277,0.000970,0.000420,0.000993,0.001318,0.003216,0.000774,0.002060,0.001136,0.001136,0.001217,0.002717,0.000915,0.000308,0.000939,0.001160,0.005519
716,,0.001218,0.000903,0.000388,0.000935,0.001235,0.002911,0.000724,0.001892,0.001094,0.001058,0.001129,0.002635,0.000866,0.000281,0.000874,0.001098,0.005144
717,,0.001155,0.000839,0.000354,0.000878,0.001155,0.002606,0.000667,0.001713,0.001049,0.000960,0.001020,0.002544,0.000811,0.000253,0.000822,0.001042,0.004859
718,,0.001088,0.000777,0.000319,0.000823,0.001081,0.002304,0.000604,0.001527,0.001001,0.000845,0.000897,0.002448,0.000751,0.000226,0.000781,0.000991,0.004523
719,,0.001019,0.000717,0.000282,0.000768,0.001011,0.002009,0.000537,0.001339,0.000953,0.000719,0.000764,0.002348,0.000688,0.000200,0.000749,0.000944,0.004156
720,,0.000950,0.000660,0.000246,0.000716,0.000946,0.001723,0.000468,0.001152,0.000904,0.000588,0.000627,0.002248,0.000624,0.000174,0.000725,0.000902,0.003776
721,,0.000882,0.000606,0.000211,0.000665,0.000886,0.001452,0.000399,0.000970,0.000857,0.000455,0.000489,0.002149,0.000561,0.000150,0.000707,0.000864,0.003442
722,,0.000816,0.000556,0.000178,0.000618,0.000831,0.001198,0.000333,0.000796,0.000811,0.000326,0.000357,0.002053,0.000501,0.000127,0.000694,0.000829,0.003268
723,,0.000754,0.000508,0.000147,0.000573,0.000780,0.000966,0.000271,0.000636,0.000769,0.000206,0.000235,0.001963,0.000445,0.000107,0.000685,0.000798,0.003077
724,,0.000699,0.000464,0.000120,0.000532,0.000737,0.000758,0.000215,0.000492,0.000731,0.000099,0.000128,0.001881,0.000394,0.000089,0.000677,0.000769,0.002841
725,,0.000650,0.000424,0.000098,0.000495,0.000698,0.000579,0.000167,0.000370,0.000699,0.000012,0.000082,0.001809,0.000351,0.000073,0.000670,0.000742,0.002603
726,,0.000610,0.000388,0.000087,0.000463,0.000662,0.000432,0.000129,0.000270,0.000673,0.000011,0.000048,0.001750,0.000317,0.000061,0.000662,0.000718,0.002387
727,,0.000577,0.000356,0.000079,0.000434,0.000629,0.000314,0.000108,0.000194,0.000658,0.000010,0.000048,0.001702,0.000297,0.000052,0.000653,0.000695,0.002167
728,,0.000552,0.000327,0.000074,0.000409,0.000600,0.000223,0.000100,0.000138,0.000646,0.000009,0.000047,0.001665,0.000285,0.000045,0.000644,0.000674,0.001954
729,,0.000534,0.000301,0.000071,0.000388,0.000577,0.000156,0.000093,0.000100,0.000637,0.000008,0.000046,0.001637,0.000277,0.000041,0.000633,0.000655,0.001826
730,,0.000521,0.000279,0.000070,0.000369,0.000558,0.000111,0.000088,0.000090,0.000631,0.000007,0.000046,0.001617,0.000272,0.000039,0.000622,0.000637,0.001685
731,,0.000514,0.000259,0.000072,0.000354,0.000541,0.000086,0.000083,0.000082,0.000626,0.000005,0.000045,0.001606,0.000270,0.000039,0.000611,0.000620,0.001582
732,,0.000510,0.000242,0.000074,0.000340,0.000528,0.000076,0.000080,0.000077,0.000624,0.000004,0.000045,0.001600,0.000270,0.000040,0.000599,0.000605,0.001501
733,,0.000510,0.000227,0.000080,0.000329,0.000517,0.000081,0.000081,0.000092,0.000623,0.000003,0.000067,0.001600,0.000272,0.000043,0.000587,0.000592,0.001353
734,,0.000513,0.000214,0.000090,0.000320,0.000509,0.000096,0.000089,0.000116,0.000628,0.000022,0.000093,0.001604,0.000281,0.000047,0.000575,0.000579,0.001226
735,,0.000518,0.000203,0.000101,0.000312,0.000502,0.000120,0.000103,0.000145,0.000635,0.000073,0.000152,0.001611,0.000294,0.000051,0.000563,0.000567,0.001142
736,,0.000525,0.000193,0.000113,0.000306,0.000497,0.000150,0.000118,0.000178,0.000643,0.000126,0.000212,0.001620,0.000308,0.000056,0.000551,0.000557,0.001048
737,,0.000531,0.000184,0.000125,0.000300,0.000493,0.000183,0.000133,0.000214,0.000651,0.000178,0.000273,0.001631,0.000322,0.000062,0.000539,0.000547,0.000908
738,,0.000538,0.000177,0.000136,0.000295,0.000490,0.000217,0.000148,0.000249,0.000659,0.000228,0.000331,0.001641,0.000336,0.000067,0.000527,0.000539,0.000915
739,,0.000544,0.000170,0.000147,0.000290,0.000488,0.000249,0.000162,0.000282,0.000666,0.000274,0.000385,0.001650,0.000348,0.000072,0.000516,0.000531,0.000866
740,,0.000548,0.000164,0.000156,0.000285,0.000485,0.000276,0.000172,0.000310,0.000671,0.000312,0.000432,0.001657,0.000359,0.000077,0.000506,0.000523,0.000682
741,,0.000550,0.000157,0.000163,0.000279,0.000483,0.000295,0.000180,0.000333,0.000675,0.000343,0.000471,0.001662,0.000367,0.000081,0.000496,0.000516,0.000551
742,,0.000550,0.000152,0.000168,0.000273,0.000480,0.000309,0.000185,0.000350,0.000677,0.000364,0.000500,0.001663,0.000372,0.000084,0.000487,0.000510,0.000502
743,,0.000547,0.000146,0.000172,0.000267,0.000477,0.000316,0.000186,0.000361,0.000678,0.000378,0.000522,0.001662,0.000374,0.000086,0.000478,0.000504,0.000497
744,,0.000543,0.000140,0.000174,0.000260,0.000475,0.000317,0.000185,0.000367,0.000677,0.000385,0.000537,0.001658,0.000375,0.000088,0.000470,0.000499,0.000405
745,,0.000538,0.000135,0.000174,0.000254,0.000472,0.000313,0.000182,0.000368,0.000674,0.000386,0.000545,0.001652,0.000373,0.000089,0.000463,0.000494,0.000406
746,,0.000531,0.000130,0.000174,0.000247,0.000470,0.000304,0.000177,0.000366,0.000671,0.000381,0.000548,0.001645,0.000370,0.000089,0.000457,0.000490,0.000476
747,,0.000522,0.000125,0.000172,0.000240,0.000468,0.000292,0.000171,0.000359,0.000666,0.000371,0.000544,0.001635,0.000365,0.000090,0.000451,0.000487,0.000425
748,,0.000513,0.000120,0.000169,0.000233,0.000465,0.000276,0.000162,0.000350,0.000661,0.000356,0.000537,0.001625,0.000358,0.000089,0.000445,0.000484,0.000424
749,,0.000503,0.000116,0.000166,0.000226,0.000463,0.000258,0.000153,0.000338,0.000655,0.000337,0.000525,0.001613,0.000351,0.000089,0.000441,0.000481,0.000408
750,,0.000493,0.000112,0.000161,0.000219,0.000459,0.000238,0.000143,0.000323,0.000648,0.000315,0.000509,0.001600,0.000342,0.000088,0.000437,0.000479,0.000340
751,,0.000482,0.000108,0.000156,0.000212,0.000456,0.000216,0.000132,0.000306,0.000641,0.000291,0.000491,0.001586,0.000333,0.000086,0.000433,0.000478,0.000249
752,,0.000472,0.000104,0.000151,0.000205,0.000453,0.000192,0.000120,0.000289,0.000633,0.000265,0.000471,0.001573,0.000323,0.000085,0.000430,0.000477,0.000229
753,,0.000461,0.000101,0.000146,0.000199,0.000451,0.000168,0.000109,0.000270,0.000626,0.000237,0.000449,0.001559,0.000313,0.000083,0.000427,0.000477,0.000209
754,,0.000450,0.000098,0.000140,0.000192,0.000448,0.000143,0.000098,0.000250,0.000618,0.000209,0.000427,0.001545,0.000303,0.000081,0.000425,0.000478,0.000193
755,,0.000441,0.000095,0.000134,0.000187,0.000447,0.000118,0.000088,0.000231,0.000611,0.000181,0.000404,0.001531,0.000293,0.000080,0.000423,0.000479,0.000230
756,,0.000431,0.000092,0.000128,0.000181,0.000445,0.000096,0.000078,0.000211,0.000604,0.000154,0.000381,0.001518,0.000283,0.000078,0.000422,0.000480,0.000216
757,,0.000423,0.000089,0.000123,0.000176,0.000444,0.000075,0.000069,0.000193,0.000597,0.000128,0.000359,0.001506,0.000274,0.000076,0.000422,0.000483,0.000184
758,,0.000416,0.000087,0.000118,0.000172,0.000443,0.000056,0.000062,0.000176,0.000591,0.000104,0.000339,0.001495,0.000266,0.000074,0.000421,0.000485,0.000172
759,,0.000410,0.000085,0.000114,0.000168,0.000442,0.000041,0.000058,0.000161,0.000585,0.000083,0.000322,0.001485,0.000259,0.000073,0.000422,0.000489,0.000198
760,,0.000406,0.000083,0.000110,0.000165,0.000442,0.000029,0.000054,0.000147,0.000581,0.000065,0.000307,0.001477,0.000253,0.000072,0.000422,0.000493,0.000144
761,,0.000404,0.000082,0.000107,0.000163,0.000442,0.000020,0.000053,0.000137,0.000577,0.000059,0.000295,0.001471,0.000249,0.000071,0.000423,0.000497,0.000057
762,,0.000403,0.000081,0.000106,0.000161,0.000442,0.000022,0.000054,0.000129,0.000575,0.000055,0.000287,0.001466,0.000246,0.000070,0.000425,0.000502,0.000079
763,,0.000404,0.000080,0.000105,0.000160,0.000443,0.000025,0.000055,0.000123,0.000574,0.000053,0.000282,0.001463,0.000245,0.000070,0.000426,0.000508,0.000185
764,,0.000406,0.000079,0.000104,0.000159,0.000444,0.000028,0.000057,0.000119,0.000574,0.000052,0.000280,0.001461,0.000244,0.000069,0.000428,0.000514,0.000206
765,,0.000409,0.000079,0.000104,0.000159,0.000445,0.000030,0.000062,0.000117,0.000574,0.000052,0.000280,0.001461,0.000244,0.000069,0.000430,0.000520,0.000162
766,,0.000413,0.000078,0.000104,0.000160,0.000446,0.000034,0.000068,0.000117,0.000574,0.000052,0.000283,0.001462,0.000245,0.000069,0.000433,0.000526,0.000191
767,,0.000418,0.000078,0.000104,0.000160,0.000447,0.000037,0.000075,0.000118,0.000574,0.000054,0.000287,0.001464,0.000247,0.000069,0.000435,0.000533,0.000122
768,,0.000424,0.000078,0.000105,0.000162,0.000449,0.000048,0.000083,0.000121,0.000576,0.000057,0.000293,0.001467,0.000249,0.000070,0.000438,0.000539,0.000145
769,,0.000430,0.000077,0.000107,0.000163,0.000450,0.000060,0.000091,0.000125,0.000578,0.000060,0.000301,0.001471,0.000251,0.000070,0.000440,0.000546,0.000147
770,,0.000437,0.000077,0.000109,0.000165,0.000451,0.000074,0.000100,0.000130,0.000581,0.000064,0.000310,0.001475,0.000254,0.000071,0.000443,0.000552,0.000086
771,,0.000444,0.000078,0.000111,0.000167,0.000451,0.000089,0.000110,0.000135,0.000583,0.000068,0.000320,0.001481,0.000258,0.000072,0.000445,0.000559,0.000059
772,,0.000452,0.000078,0.000113,0.000169,0.000452,0.000104,0.000120,0.000142,0.000587,0.000073,0.000331,0.001486,0.000263,0.000072,0.000448,0.000565,0.000055
773,,0.000459,0.000078,0.000116,0.000171,0.000452,0.000120,0.000130,0.000149,0.000590,0.000084,0.000343,0.001492,0.000267,0.000073,0.000450,0.000570,0.000031
774,,0.000467,0.000078,0.000119,0.000173,0.000452,0.000135,0.000140,0.000156,0.000593,0.000096,0.000355,0.001498,0.000272,0.000074,0.000452,0.000575,0.000102
775,,0.000474,0.000078,0.000121,0.000176,0.000451,0.000150,0.000150,0.000163,0.000596,0.000107,0.000366,0.001504,0.000277,0.000075,0.000454,0.000580,0.000101
776,,0.000481,0.000079,0.000124,0.000178,0.000450,0.000165,0.000159,0.000170,0.000600,0.000119,0.000378,0.001509,0.000281,0.000076,0.000456,0.000584,0.000058
777,,0.000488,0.000079,0.000126,0.000180,0.000449,0.000179,0.000168,0.000177,0.000603,0.000130,0.000389,0.001515,0.000286,0.000076,0.000457,0.000588,0.000058
778,,0.000494,0.000079,0.000129,0.000182,0.000447,0.000191,0.000176,0.000183,0.000606,0.000140,0.000400,0.001520,0.000290,0.000077,0.000458,0.000591,0.000080
779,,0.000499,0.000079,0.000131,0.000184,0.000444,0.000202,0.000183,0.000189,0.000608,0.000149,0.000409,0.001525,0.000293,0.000078,0.000458,0.000593,0.000080
780,,0.000503,0.000079,0.000133,0.000186,0.000440,0.000211,0.000188,0.000194,0.000611,0.000157,0.000417,0.001529,0.000296,0.000079,0.000458,0.000594,0.000023
781,,0.000506,0.000079,0.000134,0.000187,0.000436,0.000218,0.000193,0.000199,0.000613,0.000164,0.000424,0.001533,0.000299,0.000079,0.000458,0.000594,0.000017
782,,0.000508,0.000078,0.000136,0.000188,0.000431,0.000223,0.000196,0.000202,0.000614,0.000169,0.000430,0.001536,0.000301,0.000079,0.000457,0.000593,0.000046
783,,0.000509,0.000078,0.000137,0.000189,0.000425,0.000226,0.000198,0.000204,0.000615,0.000173,0.000434,0.001538,0.000302,0.000080,0.000456,0.000591,0.000073
784,,0.000509,0.000077,0.000137,0.000189,0.000419,0.000228,0.000199,0.000206,0.000616,0.000175,0.000437,0.001540,0.000303,0.000080,0.000454,0.000589,0.000021
785,,0.000509,0.000077,0.000138,0.000190,0.000412,0.000227,0.000198,0.000207,0.000616,0.000176,0.000439,0.001541,0.000304,0.000080,0.000452,0.000586,0.000000
786,,0.000508,0.000076,0.000138,0.000190,0.000405,0.000225,0.000197,0.000207,0.000616,0.000176,0.000440,0.001541,0.000304,0.000080,0.000450,0.000582,0.000016
787,,0.000506,0.000075,0.000138,0.000190,0.000397,0.000222,0.000195,0.000207,0.000616,0.000176,0.000440,0.001541,0.000303,0.000080,0.000447,0.000578,0.000032
788,,0.000503,0.000075,0.000138,0.000190,0.000389,0.000218,0.000193,0.000206,0.000616,0.000174,0.000439,0.001541,0.000302,0.000080,0.000444,0.000573,0.000069
789,,0.000500,0.000074,0.000137,0.000190,0.000380,0.000212,0.000189,0.000204,0.000615,0.000171,0.000438,0.001540,0.000301,0.000080,0.000441,0.000568,0.000082
790,,0.000497,0.000073,0.000137,0.000189,0.000372,0.000205,0.000185,0.000202,0.000614,0.000168,0.000436,0.001539,0.000300,0.000080,0.000438,0.000562,0.000029
791,,0.000493,0.000072,0.000136,0.000189,0.000363,0.000198,0.000181,0.000200,0.000613,0.000164,0.000433,0.001538,0.000298,0.000080,0.000434,0.000556,0.000002
792,,0.000488,0.000071,0.000136,0.000188,0.000354,0.000190,0.000176,0.000198,0.000612,0.000160,0.000430,0.001536,0.000296,0.000079,0.000430,0.000550,0.000000
793,,0.000484,0.000070,0.000135,0.000187,0.000345,0.000181,0.000170,0.000195,0.000611,0.000155,0.000426,0.001534,0.000294,0.000079,0.000427,0.000544,0.000039
794,,0.000479,0.000069,0.000134,0.000187,0.000335,0.000172,0.000164,0.000192,0.000610,0.000150,0.000422,0.001532,0.000292,0.000079,0.000423,0.000537,0.000047
795,,0.000474,0.000068,0.000133,0.000186,0.000326,0.000162,0.000158,0.000189,0.000608,0.000145,0.000418,0.001530,0.000290,0.000079,0.000419,0.000531,0.000010
796,,0.000469,0.000067,0.000132,0.000185,0.000317,0.000153,0.000152,0.000185,0.000607,0.000140,0.000413,0.001528,0.000288,0.000078,0.000416,0.000524,0.000034
797,,0.000464,0.000066,0.000131,0.000184,0.000308,0.000143,0.000146,0.000182,0.000605,0.000135,0.000409,0.001526,0.000285,0.000078,0.000412,0.000518,0.000072
798,,0.000459,0.000065,0.000130,0.000183,0.000299,0.000133,0.000140,0.000179,0.000604,0.000129,0.000405,0.001524,0.000283,0.000078,0.000408,0.000512,0.000031
799,,0.000455,0.000064,0.000129,0.000183,0.000291,0.000124,0.000134,0.000176,0.000602,0.000124,0.000400,0.001521,0.000281,0.000077,0.000405,0.000506,0.000019
800,,0.000450,0.000064,0.000128,0.000182,0.000283,0.000115,0.000128,0.000173,0.000601,0.000120,0.000396,0.001519,0.000279,0.000077,0.000402,0.000500,0.000019
801,,0.000446,0.000063,0.000127,0.000181,0.000275,0.000106,0.000123,0.000170,0.000600,0.000115,0.000393,0.001518,0.000277,0.000077,0.000399,0.000494,0.000019
802,,0.000441,0.000062,0.000127,0.000180,0.000268,0.000098,0.000118,0.000168,0.000599,0.000111,0.000389,0.001516,0.000275,0.000077,0.000396,0.000489,0.000019
803,,0.000438,0.000061,0.000126,0.000180,0.000261,0.000090,0.000113,0.000165,0.000597,0.000107,0.000386,0.001514,0.000273,0.000076,0.000393,0.000484,0.000019
804,,0.000434,0.000061,0.000125,0.000179,0.000254,0.000083,0.000108,0.000163,0.000596,0.000104,0.000383,0.001513,0.000272,0.000076,0.000390,0.000480,0.000019
805,,0.000431,0.000060,0.000125,0.000179,0.000247,0.000076,0.000103,0.000161,0.000595,0.000101,0.000381,0.001512,0.000270,0.000076,0.000388,0.000476,0.000019
806,,0.000427,0.000060,0.000124,0.000178,0.000241,0.000069,0.000099,0.000160,0.000595,0.000098,0.000379,0.001511,0.000269,0.000076,0.000386,0.000472,0.000018
807,,0.000425,0.000059,0.000124,0.000178,0.000236,0.000063,0.000095,0.000158,0.000594,0.000096,0.000377,0.001510,0.000268,0.000076,0.000384,0.000468,0.000018
808,,0.000422,0.000059,0.000123,0.000178,0.000230,0.000057,0.000091,0.000157,0.000593,0.000094,0.000375,0.001509,0.000266,0.000076,0.000382,0.000465,0.000018
809,,0.000419,0.000058,0.000123,0.000177,0.000225,0.000052,0.000088,0.000155,0.000593,0.000092,0.000373,0.001508,0.000265,0.000076,0.000380,0.000462,0.000018
810,,0.000417,0.000058,0.000123,0.000177,0.000220,0.000047,0.000084,0.000154,0.000592,0.000090,0.000372,0.001507,0.000264,0.000075,0.000379,0.000459,0.000018
811,,0.000415,0.000058,0.000123,0.000177,0.000216,0.000043,0.000081,0.000154,0.000591,0.000089,0.000371,0.001507,0.000264,0.000075,0.000378,0.000457,0.000018
812,,0.000413,0.000058,0.000122,0.000177,0.000211,0.000038,0.000078,0.000153,0.000591,0.000088,0.000370,0.001506,0.000263,0.000075,0.000376,0.000454,0.000018
813,,0.000411,0.000057,0.000122,0.000177,0.000207,0.000034,0.000076,0.000152,0.000591,0.000087,0.000369,0.001506,0.000262,0.000075,0.000375,0.000452,0.000018
814,,0.000409,0.000057,0.000122,0.000176,0.000204,0.000031,0.000073,0.000152,0.000590,0.000086,0.000369,0.001506,0.000262,0.000075,0.000374,0.000450,0.000018
815,,0.000408,0.000057,0.000122,0.000176,0.000200,0.000028,0.000071,0.000152,0.000590,0.000086,0.000368,0.001505,0.000262,0.000075,0.000373,0.000449,0.000018
816,,0.000407,0.000057,0.000122,0.000176,0.000197,0.000025,0.000069,0.000151,0.000590,0.000086,0.000368,0.001505,0.000261,0.000075,0.000373,0.000447,0.000018
817,,0.000406,0.000057,0.000122,0.000176,0.000194,0.000022,0.000067,0.000151,0.000590,0.000086,0.000368,0.001505,0.000261,0.000075,0.000373,0.000446,0.000017
818,,0.000405,0.000057,0.000122,0.000176,0.000192,0.000019,0.000065,0.000151,0.000590,0.000086,0.000368,0.001505,0.000261,0.000075,0.000373,0.000446,0.000017
819,,0.000404,0.000057,0.000122,0.000176,0.000189,0.000017,0.000063,0.000151,0.000590,0.000086,0.000369,0.001505,0.000261,0.000075,0.000373,0.000446,0.000017
820,,0.000403,0.000057,0.000122,0.000177,0.000187,0.000015,0.000061,0.000152,0.000590,0.000087,0.000369,0.001506,0.000260,0.000075,0.000373,0.000446,0.000017
821,,0.000402,0.000057,0.000122,0.000177,0.000185,0.000014,0.000060,0.000152,0.000590,0.000088,0.000370,0.001506,0.000260,0.000075,0.000373,0.000446,0.000017
822,,0.000402,0.000057,0.000122,0.000177,0.000183,0.000012,0.000059,0.000152,0.000590,0.000089,0.000370,0.001506,0.000260,0.000075,0.000373,0.000446,0.000017
823,,0.000402,0.000057,0.000123,0.000177,0.000181,0.000011,0.000058,0.000153,0.000590,0.000090,0.000371,0.001507,0.000260,0.000075,0.000372,0.000446,0.000017
824,,0.000402,0.000057,0.000123,0.000177,0.000180,0.000010,0.000056,0.000154,0.000590,0.000091,0.000372,0.001507,0.000261,0.000075,0.000372,0.000446,0.000017
825,,0.000402,0.000057,0.000123,0.000177,0.000178,0.000009,0.000056,0.000154,0.000590,0.000092,0.000373,0.001508,0.000261,0.000076,0.000372,0.000446,0.000017
826,,0.000403,0.000057,0.000123,0.000177,0.000176,0.000009,0.000055,0.000155,0.000590,0.000093,0.000374,0.001508,0.000261,0.000076,0.000372,0.000446,0.000017
827,,0.000403,0.000057,0.000123,0.000178,0.000175,0.000009,0.000054,0.000156,0.000591,0.000095,0.000375,0.001509,0.000261,0.000076,0.000372,0.000446,0.000017
828,,0.000403,0.000057,0.000124,0.000178,0.000174,0.000009,0.000054,0.000157,0.000591,0.000096,0.000376,0.001509,0.000262,0.000076,0.000372,0.000446,0.000016
829,,0.000403,0.000058,0.000124,0.000178,0.000174,0.000009,0.000053,0.000157,0.000591,0.000098,0.000377,0.001510,0.000262,0.000076,0.000372,0.000446,0.000016
830,,0.000403,0.000058,0.000124,0.000178,0.000173,0.000009,0.000053,0.000158,0.000591,0.000099,0.000379,0.001511,0.000262,0.000076,0.000372,0.000446,0.000016
831,,0.000403,0.000058,0.000125,0.000179,0.000173,0.000010,0.000053,0.000159,0.000592,0.000101,0.000380,0.001511,0.000263,0.000076,0.000372,0.000446,0.000016
832,,0.000403,0.000058,0.000125,0.000179,0.000172,0.000010,0.000053,0.000160,0.000592,0.000103,0.000381,0.001512,0.000263,0.000076,0.000373,0.000447,0.000016
833,,0.000403,0.000058,0.000125,0.000179,0.000172,0.000010,0.000052,0.000161,0.000592,0.000104,0.000383,0.001513,0.000264,0.000076,0.000373,0.000447,0.000016
834,,0.000403,0.000058,0.000126,0.000179,0.000172,0.000010,0.000052,0.000162,0.000592,0.000106,0.000384,0.001513,0.000264,0.000076,0.000374,0.000447,0.000016
835,,0.000404,0.000059,0.000126,0.000180,0.000172,0.000011,0.000052,0.000163,0.000593,0.000108,0.000386,0.001514,0.000264,0.000076,0.000374,0.000448,0.000016
836,,0.000405,0.000059,0.000126,0.000180,0.000172,0.000011,0.000053,0.000164,0.000593,0.000109,0.000387,0.001515,0.000265,0.000077,0.000375,0.000449,0.000016
837,,0.000405,0.000059,0.000126,0.000180,0.000172,0.000011,0.000053,0.000165,0.000593,0.000111,0.000388,0.001515,0.000265,0.000077,0.000375,0.000450,0.000016
838,,0.000406,0.000059,0.000127,0.000180,0.000172,0.000012,0.000053,0.000166,0.000594,0.000113,0.000390,0.001516,0.000266,0.000077,0.000376,0.000451,0.000016
839,,0.000406,0.000059,0.000127,0.000181,0.000172,0.000013,0.000053,0.000167,0.000594,0.000114,0.000391,0.001517,0.000266,0.000077,0.000376,0.000452,0.000015
840,,0.000407,0.000060,0.000127,0.000181,0.000172,0.000014,0.000053,0.000168,0.000594,0.000116,0.000392,0.001517,0.000267,0.000077,0.000377,0.000453,0.000015
841,,0.000407,0.000060,0.000128,0.000181,0.000173,0.000015,0.000053,0.000169,0.000595,0.000117,0.000394,0.001518,0.000267,0.000077,0.000377,0.000454,0.000015
842,,0.000408,0.000060,0.000128,0.000181,0.000173,0.000015,0.000054,0.000169,0.000595,0.000119,0.000395,0.001519,0.000267,0.000077,0.000378,0.000454,0.000015
843,,0.000408,0.000060,0.000128,0.000182,0.000173,0.000016,0.000054,0.000170,0.000595,0.000120,0.000396,0.001519,0.000268,0.000077,0.000378,0.000455,0.000015
844,,0.000409,0.000060,0.000128,0.000182,0.000174,0.000017,0.000054,0.000171,0.000595,0.000121,0.000397,0.001520,0.000268,0.000077,0.000379,0.000456,0.000015
845,,0.000410,0.000060,0.000129,0.000182,0.000174,0.000018,0.000054,0.000171,0.000596,0.000122,0.000398,0.001520,0.000268,0.000077,0.000379,0.000457,0.000015
846,,0.000410,0.000061,0.000129,0.000182,0.000175,0.000019,0.000055,0.000172,0.000596,0.000123,0.000399,0.001520,0.000269,0.000077,0.000380,0.000457,0.000015
847,,0.000410,0.000061,0.000129,0.000182,0.000176,0.000019,0.000055,0.000173,0.000596,0.000124,0.000399,0.001521,0.000269,0.000077,0.000380,0.000458,0.000015
848,,0.000411,0.000061,0.000129,0.000182,0.000176,0.000020,0.000055,0.000173,0.000596,0.000125,0.000400,0.001521,0.000269,0.000077,0.000380,0.000458,0.000015
849,,0.000411,0.000061,0.000129,0.000182,0.000177,0.000021,0.000056,0.000173,0.000596,0.000126,0.000400,0.001521,0.000269,0.000077,0.000380,0.000459,0.000015
850,,0.000411,0.000061,0.000129,0.000183,0.000177,0.000021,0.000056,0.000174,0.000596,0.000126,0.000401,0.001521,0.000270,0.000077,0.000381,0.000459,0.000014
851,,0.000412,0.000061,0.000129,0.000183,0.000177,0.000022,0.000056,0.000174,0.000597,0.000126,0.000401,0.001522,0.000270,0.000077,0.000381,0.000459,0.000014
852,,0.000412,0.000061,0.000129,0.000183,0.000177,0.000022,0.000056,0.000174,0.000597,0.000126,0.000401,0.001522,0.000270,0.000077,0.000381,0.000459,0.000014
853,,0.000412,0.000061,0.000129,0.000183,0.000177,0.000022,0.000056,0.000174,0.000597,0.000126,0.000401,0.001522,0.000270,0.000077,0.000381,0.000459,0.000014
854,,0.000412,0.000061,0.000129,0.000183,0.000177,0.000022,0.000056,0.000174,0.000597,0.000126,0.000401,0.001522,0.000270,0.000077,0.000381,0.000459,0.000014
855,,0.000412,0.000061,0.000129,0.000183,0.000177,0.000022,0.000056,0.000173,0.000596,0.000126,0.000400,0.001521,0.000270,0.000077,0.000380,0.000459,0.000014
856,,0.000411,0.000061,0.000129,0.000182,0.000178,0.000022,0.000056,0.000173,0.000596,0.000125,0.000400,0.001521,0.000269,0.000077,0.000380,0.000459,0.000014
857,,0.000411,0.000061,0.000129,0.000182,0.000178,0.000022,0.000056,0.000173,0.000596,0.000125,0.000400,0.001521,0.000269,0.000077,0.000380,0.000459,0.000014
858,,0.000411,0.000061,0.000129,0.000182,0.000178,0.000022,0.000056,0.000172,0.000596,0.000124,0.000399,0.001521,0.000269,0.000077,0.000380,0.000458,0.000014
859,,0.000411,0.000061,0.000129,0.000182,0.000178,0.000022,0.000056,0.000172,0.000596,0.000123,0.000398,0.001520,0.000269,0.000077,0.000379,0.000458,0.000014
860,,0.000411,0.000061,0.000129,0.000182,0.000178,0.000022,0.000056,0.000171,0.000596,0.000122,0.000398,0.001520,0.000269,0.000077,0.000379,0.000457,0.000014
861,,0.000410,0.000061,0.000128,0.000182,0.000178,0.000021,0.000056,0.000171,0.000596,0.000121,0.000397,0.001520,0.000268,0.000077,0.000379,0.000457,0.000013
862,,0.000410,0.000060,0.000128,0.000182,0.000178,0.000021,0.000056,0.000170,0.000595,0.000120,0.000396,0.001519,0.000268,0.000077,0.000378,0.000456,0.000013
863,,0.000410,0.000060,0.000128,0.000182,0.000178,0.000021,0.000055,0.000170,0.000595,0.000119,0.000395,0.001519,0.000268,0.000077,0.000378,0.000456,0.000013
864,,0.000409,0.000060,0.000128,0.000181,0.000178,0.000020,0.000055,0.000169,0.000595,0.000118,0.000394,0.001518,0.000267,0.000077,0.000378,0.000455,0.000013
865,,0.000409,0.000060,0.000128,0.000181,0.000178,0.000020,0.000055,0.000168,0.000595,0.000117,0.000393,0.001518,0.000267,0.000077,0.000377,0.000454,0.000013
866,,0.000408,0.000060,0.000127,0.000181,0.000178,0.000019,0.000055,0.000168,0.000595,0.000116,0.000392,0.001517,0.000267,0.000077,0.000377,0.000454,0.000013
867,,0.000408,0.000060,0.000127,0.000181,0.000178,0.000019,0.000055,0.000167,0.000594,0.000114,0.000391,0.001517,0.000266,0.000077,0.000376,0.000453,0.000013
868,,0.000407,0.000060,0.000127,0.000181,0.000178,0.000018,0.000055,0.000166,0.000594,0.000113,0.000390,0.001516,0.000266,0.000077,0.000376,0.000452,0.000013
869,,0.000407,0.000059,0.000127,0.000180,0.000177,0.000018,0.000054,0.000166,0.000594,0.000112,0.000389,0.001516,0.000266,0.000077,0.000375,0.000452,0.000013
870,,0.000407,0.000059,0.000126,0.000180,0.000177,0.000017,0.000054,0.000165,0.000594,0.000111,0.000388,0.001515,0.000265,0.000077,0.000375,0.000451,0.000013
871,,0.000406,0.000059,0.000126,0.000180,0.000177,0.000017,0.000054,0.000164,0.000593,0.000109,0.000387,0.001515,0.000265,0.000077,0.000374,0.000450,0.000013
872,,0.000406,0.000059,0.000126,0.000180,0.000177,0.000016,0.000054,0.000164,0.000593,0.000108,0.000386,0.001514,0.000265,0.000076,0.000374,0.000449,0.000012
873,,0.000405,0.000059,0.000126,0.000180,0.000177,0.000016,0.000054,0.000163,0.000593,0.000107,0.000385,0.001514,0.000264,0.000076,0.000373,0.000449,0.000012
874,,0.000405,0.000059,0.000126,0.000180,0.000177,0.000015,0.000054,0.000162,0.000593,0.000106,0.000385,0.001513,0.000264,0.000076,0.000373,0.000448,0.000012
875,,0.000405,0.000059,0.000125,0.000179,0.000177,0.000015,0.000053,0.000162,0.000592,0.000105,0.000384,0.001513,0.000264,0.000076,0.000373,0.000448,0.000012
876,,0.000404,0.000059,0.000125,0.000179,0.000177,0.000014,0.000053,0.000161,0.000592,0.000104,0.000383,0.001513,0.000263,0.000076,0.000372,0.000447,0.000012
877,,0.000404,0.000058,0.000125,0.000179,0.000177,0.000014,0.000053,0.000161,0.000592,0.000103,0.000382,0.001512,0.000263,0.000076,0.000372,0.000446,0.000012
878,,0.000404,0.000058,0.000125,0.000179,0.000176,0.000014,0.000053,0.000160,0.000592,0.000102,0.000382,0.001512,0.000263,0.000076,0.000372,0.000446,0.000012
879,,0.000404,0.000058,0.000125,0.000179,0.000176,0.000013,0.000053,0.000160,0.000592,0.000102,0.000381,0.001512,0.000263,0.000076,0.000372,0.000446,0.000012
880,,0.000403,0.000058,0.000125,0.000179,0.000176,0.000013,0.000053,0.000160,0.000592,0.000101,0.000381,0.001512,0.000263,0.000076,0.000372,0.000446,0.000012
881,,0.000403,0.000058,0.000125,0.000179,0.000176,0.000013,0.000053,0.000159,0.000592,0.000101,0.000380,0.001511,0.000263,0.000076,0.000372,0.000446,0.000012
882,,0.000403,0.000058,0.000125,0.000179,0.000176,0.000013,0.000053,0.000159,0.000592,0.000100,0.000380,0.001511,0.000263,0.000076,0.000372,0.000446,0.000012
883,,0.000403,0.000058,0.000125,0.000179,0.000176,0.000013,0.000053,0.000159,0.000592,0.000100,0.000380,0.001511,0.000263,0.000076,0.000372,0.000446,0.000011
884,,0.000403,0.000058,0.000125,0.000179,0.000176,0.000013,0.000052,0.000159,0.000592,0.000100,0.000380,0.001511,0.000263,0.000076,0.000372,0.000446,0.000011
885,,0.000403,0.000058,0.000125,0.000179,0.000176,0.000012,0.000052,0.000159,0.000592,0.000100,0.000380,0.001511,0.000263,0.000076,0.000372,0.000446,0.000011
886,,0.000403,0.000058,0.000125,0.000179,0.000176,0.000012,0.000052,0.000159,0.000592,0.000101,0.000380,0.001511,0.000263,0.000076,0.000372,0.000446,0.000011
887,,0.000403,0.000058,0.000125,0.000179,0.000176,0.000013,0.000052,0.000160,0.000592,0.000101,0.000381,0.001511,0.000263,0.000076,0.000372,0.000446,0.000011
888,,0.000404,0.000058,0.000125,0.000179,0.000176,0.000013,0.000052,0.000160,0.000592,0.000102,0.000381,0.001512,0.000263,0.000076,0.000372,0.000446,0.000011
889,,0.000404,0.000058,0.000125,0.000179,0.000176,0.000013,0.000052,0.000160,0.000592,0.000103,0.000382,0.001512,0.000263,0.000076,0.000372,0.000446,0.000011
890,,0.000404,0.000058,0.000125,0.000179,0.000176,0.000013,0.000053,0.000161,0.000592,0.000104,0.000383,0.001513,0.000263,0.000076,0.000372,0.000447,0.000011
891,,0.000404,0.000059,0.000125,0.000179,0.000176,0.000013,0.000053,0.000162,0.000592,0.000105,0.000384,0.001513,0.000264,0.000076,0.000373,0.000447,0.000011
892,,0.000405,0.000059,0.000126,0.000180,0.000176,0.000014,0.000053,0.000163,0.000593,0.000107,0.000385,0.001514,0.000264,0.000076,0.000373,0.000448,0.000011
893,,0.000405,0.000059,0.000126,0.000180,0.000176,0.000015,0.000053,0.000164,0.000593,0.000108,0.000386,0.001514,0.000265,0.000076,0.000374,0.000449,0.000011
894,,0.000406,0.000059,0.000126,0.000180,0.000176,0.000015,0.000053,0.000165,0.000593,0.000110,0.000388,0.001515,0.000265,0.000077,0.000375,0.000450,0.000010
895,,0.000407,0.000059,0.000127,0.000181,0.000177,0.000016,0.000054,0.000166,0.000594,0.000113,0.000390,0.001516,0.000266,0.000077,0.000375,0.000452,0.000010
896,,0.000408,0.000060,0.000127,0.000181,0.000177,0.000017,0.000054,0.000167,0.000594,0.000115,0.000392,0.001517,0.000266,0.000077,0.000376,0.000453,0.000010
897,,0.000409,0.000060,0.000128,0.000181,0.000177,0.000018,0.000054,0.000169,0.000595,0.000118,0.000394,0.001518,0.000267,0.000077,0.000377,0.000455,0.000010
898,,0.000410,0.000060,0.000128,0.000182,0.000177,0.000020,0.000055,0.000171,0.000596,0.000121,0.000397,0.001519,0.000268,0.000077,0.000379,0.000456,0.000010
899,,0.000411,0.000061,0.000129,0.000182,0.000178,0.000021,0.000055,0.000173,0.000596,0.000124,0.000399,0.001521,0.000269,0.000077,0.000380,0.000458,0.000010
900,,0.000412,0.000061,0.000130,0.000183,0.000180,0.000022,0.000056,0.000175,0.000597,0.000128,0.000402,0.001522,0.000270,0.000078,0.000381,0.000460,0.000010